Person ID,Timestamp 60,Timestamp 120,Timestamp 180,Timestamp 240,Timestamp 300,Timestamp 360,Timestamp 420,Timestamp 480
0,1,0,1,1,1,1,1,1
1,1,1,1,1,0,1,1,1
2,1,1,1,1,1,0,1,1
3,1,1,1,1,1,1,1,1
4,1,1,1,1,1,1,0,0
5,0,0,1,1,1,1,1,1
6,0,1,1,1,1,1,1,1
7,1,1,1,1,1,1,0,1
8,1,1,1,1,1,1,1,1
9,1,0,1,1,1,0,1,1
10,1,1,1,1,1,1,1,1
11,1,0,1,1,1,1,1,1
12,1,1,1,1,1,1,0,1
13,1,1,1,1,0,0,1,1
14,1,0,1,1,1,1,1,0
15,1,1,0,1,1,1,0,1
16,1,1,1,1,1,1,1,1
17,1,1,1,1,1,1,1,1
18,0,1,1,1,1,1,1,1
19,0,0,1,1,1,1,1,1
20,1,1,1,1,1,1,1,1
21,0,1,1,1,1,1,1,0
22,0,1,1,1,1,1,1,1
23,0,1,1,1,1,1,1,1
24,1,1,1,1,1,0,1,1
25,1,1,1,1,1,1,0,0
26,1,0,1,1,1,1,1,1
27,1,1,1,1,1,1,1,0
28,0,1,1,1,1,1,1,1
29,1,1,1,1,1,1,1,0
30,1,1,1,1,1,1,1,1
31,1,1,1,1,1,1,0,1
32,1,1,1,1,1,1,1,1
33,1,1,1,1,1,1,1,1
34,1,1,1,1,1,1,1,1
35,1,1,1,1,1,1,1,1
36,1,1,1,1,1,1,1,0
37,1,1,1,1,1,1,1,1
38,1,1,1,1,1,1,1,0
39,1,1,1,1,1,1,1,1
40,1,1,1,1,1,1,1,1
41,1,1,1,0,0,1,1,1
42,1,1,0,1,1,1,1,0
43,1,1,1,0,1,1,1,1
44,0,1,1,1,1,1,1,1
45,1,1,1,1,1,1,1,1
46,0,0,1,1,1,1,0,0
47,1,1,1,1,1,1,1,1
48,0,1,0,1,1,1,1,1
49,1,0,1,1,1,1,1,1
50,1,1,1,1,1,1,1,1
51,1,0,1,1,1,0,1,1
52,0,0,1,1,1,1,1,1
53,1,1,1,1,1,1,1,0
54,0,1,1,1,1,1,1,1
55,1,1,1,1,1,1,1,1
56,1,1,1,1,1,1,1,1
57,1,1,1,1,1,1,1,1
58,1,1,1,1,1,1,1,1
59,1,1,1,0,1,1,1,1
60,0,1,1,1,1,1,1,0
61,1,1,1,1,1,1,1,1
62,1,1,1,1,1,1,1,0
63,1,1,1,1,1,1,1,1
64,1,1,1,1,1,1,1,1
65,1,0,0,1,1,1,0,1
66,1,1,1,1,1,1,1,0
67,1,1,1,1,1,1,1,1
68,1,1,1,1,1,1,1,1
69,1,1,1,1,1,1,1,1
70,1,0,1,0,1,1,1,1
71,1,1,1,1,1,1,1,1
72,1,1,1,1,1,1,1,1
73,1,0,1,1,1,1,1,1
74,1,1,1,1,1,1,1,1
75,1,1,1,1,1,1,1,0
76,1,1,1,1,1,1,1,1
77,1,1,1,1,1,0,1,1
78,1,1,1,1,1,1,1,1
79,1,1,0,1,1,1,1,1
80,1,1,1,1,1,1,1,1
81,1,1,1,1,1,1,1,1
82,1,1,1,1,1,1,1,1
83,1,1,1,1,1,1,1,1
84,1,1,1,1,1,1,1,1
85,1,1,1,1,1,0,1,1
86,1,1,1,1,1,1,1,1
87,1,1,0,1,1,1,1,1
88,1,1,1,0,0,1,1,1
89,1,1,1,1,1,1,1,1
90,1,1,1,1,1,1,1,1
91,1,1,1,1,1,0,1,1
92,1,1,1,1,1,1,1,1
93,1,1,1,1,1,1,1,1
94,1,1,0,0,1,1,1,1
95,1,1,1,1,1,1,1,1
96,0,0,1,1,1,1,1,1
97,1,0,1,1,1,1,1,1
98,0,1,1,1,1,1,1,1
99,1,1,1,0,1,1,1,1
100,1,1,1,1,1,1,1,1
101,1,0,1,1,1,1,1,1
102,1,1,1,1,1,0,1,1
103,1,0,1,0,1,1,1,1
104,1,1,1,1,1,1,1,1
105,1,0,1,1,1,1,1,1
106,1,1,1,1,1,1,0,1
107,1,1,1,1,1,1,1,0
108,0,1,1,1,1,1,0,0
109,1,0,1,1,0,1,1,1
110,1,0,1,1,1,1,1,1
111,1,0,0,0,0,0,1,1
112,1,0,1,1,1,1,1,1
113,1,1,1,1,1,1,1,1
114,1,1,1,1,1,1,1,1
115,1,1,1,1,1,1,1,1
116,1,1,1,1,1,1,1,1
117,1,1,1,1,1,1,1,1
118,1,1,1,1,1,1,1,1
119,1,1,1,1,1,1,1,1
120,1,1,0,1,1,1,1,1
121,1,1,1,1,1,1,1,1
122,1,1,1,1,1,1,1,1
123,1,1,1,1,1,1,1,1
124,0,1,1,1,1,1,1,1
125,1,1,1,1,0,1,1,0
126,1,1,1,1,1,1,1,1
127,1,1,1,1,1,1,0,1
128,1,1,1,1,1,1,1,1
129,1,1,1,1,1,1,1,1
130,1,1,1,1,1,1,0,1
131,1,1,1,1,0,1,1,1
132,1,1,1,1,0,1,1,1
133,1,1,1,1,1,1,1,1
134,1,1,1,1,1,0,1,1
135,0,1,1,1,1,1,1,1
136,1,0,0,1,1,0,0,1
137,1,1,1,1,0,0,1,0
138,1,1,1,1,1,0,1,1
139,1,1,1,1,1,1,1,1
140,1,1,1,0,1,1,1,1
141,1,1,1,0,1,1,1,0
142,1,1,1,1,1,1,1,1
143,1,1,1,1,1,1,1,1
144,0,1,1,1,1,1,1,1
145,1,1,1,1,1,1,1,1
146,1,1,1,1,1,1,1,1
147,1,1,1,1,1,1,1,1
148,0,1,1,1,1,1,0,1
149,1,1,1,1,1,1,0,1
150,1,1,1,1,1,1,1,1
151,1,1,1,1,1,1,1,1
152,1,1,0,1,1,0,1,1
153,1,1,1,0,0,1,1,1
154,1,1,1,1,1,1,1,1
155,1,1,1,1,1,1,1,1
156,1,1,1,1,0,1,1,1
157,1,1,1,1,1,1,1,1
158,1,1,1,0,1,1,1,1
159,1,0,1,1,1,1,1,1
160,1,1,1,1,1,1,0,1
161,1,1,1,1,1,1,1,1
162,1,1,1,1,1,1,1,1
163,1,1,1,1,1,1,1,1
164,1,1,1,1,1,1,0,1
165,1,0,1,1,1,1,0,1
166,1,1,1,1,1,1,1,1
167,1,0,1,1,1,1,1,1
168,1,1,1,1,1,1,1,1
169,0,1,1,1,1,1,1,1
170,0,1,1,1,0,1,1,1
171,1,1,1,1,0,0,1,1
172,1,1,1,1,1,1,1,0
173,1,1,1,1,1,1,1,1
174,1,1,1,1,1,1,0,1
175,1,1,1,1,1,1,1,1
176,1,1,1,1,1,1,1,1
177,1,1,0,1,1,1,1,1
178,0,1,1,1,1,1,1,1
179,1,1,1,1,1,1,1,1
180,1,0,1,1,1,0,1,1
181,1,1,0,1,0,1,0,1
182,1,1,0,1,1,1,1,0
183,1,1,1,1,1,1,1,1
184,1,1,1,1,1,1,1,1
185,1,1,1,1,1,0,1,1
186,1,1,1,1,0,1,1,0
187,1,1,1,1,1,1,1,1
188,1,0,1,1,1,1,1,1
189,1,1,1,1,1,0,0,1
190,0,1,1,1,1,1,1,1
191,1,1,1,1,1,1,0,1
192,1,1,1,1,0,0,1,1
193,1,0,1,1,1,1,1,1
194,1,1,1,1,1,1,1,1
195,1,1,1,1,1,1,1,1
196,1,1,1,1,1,1,0,1
197,1,1,0,1,1,1,1,1
198,1,1,0,1,1,1,1,1
199,1,1,1,1,1,1,1,1
200,0,1,1,1,1,1,1,1
201,1,1,1,1,1,1,1,1
202,1,1,1,1,1,1,1,1
203,1,1,1,1,1,1,1,1
204,1,0,1,1,1,1,1,1
205,1,1,1,1,1,1,1,1
206,0,1,1,1,1,1,1,1
207,1,0,1,1,1,1,1,1
208,1,1,1,1,1,1,1,1
209,1,1,1,1,1,1,1,1
210,1,1,1,1,1,1,1,1
211,1,1,1,1,1,1,1,1
212,1,1,1,1,1,1,1,1
213,1,1,1,1,1,1,1,0
214,1,1,1,1,1,1,1,1
215,1,1,1,1,0,1,1,1
216,1,1,1,0,1,1,1,1
217,1,0,0,1,1,0,1,1
218,1,1,0,1,1,0,1,0
219,1,1,1,0,1,1,0,1
220,1,1,1,1,1,1,0,1
221,1,1,1,1,1,1,1,1
222,0,1,1,1,1,1,1,1
223,1,1,1,1,1,1,1,1
224,0,1,1,1,1,1,1,1
225,1,1,1,1,1,1,1,1
226,1,0,0,1,0,1,1,1
227,1,1,1,1,1,0,1,1
228,1,1,1,1,1,1,1,1
229,1,1,1,1,1,1,1,1
230,1,1,1,1,1,1,1,1
231,1,1,1,1,1,1,1,1
232,1,1,1,0,1,1,1,1
233,1,0,1,1,0,1,1,1
234,1,1,1,1,1,1,1,1
235,1,1,1,1,1,0,1,1
236,1,1,1,0,1,1,1,1
237,1,1,1,1,1,1,1,1
238,1,1,1,0,1,1,1,1
239,1,1,1,1,1,1,1,1
240,1,1,1,1,1,1,0,0
241,1,1,1,0,1,1,1,1
242,1,1,1,1,1,1,1,0
243,1,1,1,0,1,0,1,1
244,1,1,1,1,1,1,1,1
245,1,1,0,0,1,0,1,1
246,1,1,1,1,1,1,1,0
247,1,1,1,0,1,1,0,1
248,0,1,1,1,1,0,1,1
249,0,0,1,1,1,0,1,1
250,0,1,1,1,1,1,1,1
251,1,1,1,1,1,0,1,1
252,1,1,1,1,1,1,1,1
253,1,0,0,1,1,1,1,1
254,1,1,1,1,1,1,1,1
255,1,0,1,1,1,1,1,0
256,0,1,1,1,1,1,1,0
257,1,1,1,1,1,1,1,1
258,1,1,1,0,1,1,1,0
259,1,1,1,1,1,1,1,1
260,1,1,1,1,1,1,1,1
261,0,1,1,1,0,1,1,1
262,0,1,0,1,1,1,1,1
263,0,1,1,1,1,1,1,1
264,1,1,1,1,1,1,1,1
265,1,0,1,1,1,1,1,1
266,1,1,0,0,1,1,1,1
267,1,1,1,1,0,1,1,1
268,1,1,1,1,1,1,1,1
269,1,1,1,1,0,1,1,1
270,1,1,1,1,1,1,1,1
271,1,1,1,1,1,1,1,1
272,0,1,1,1,1,0,1,1
273,1,1,1,1,1,1,0,1
274,1,0,1,1,1,1,1,1
275,1,1,1,1,1,1,1,1
276,1,1,1,1,1,1,0,1
277,1,1,1,1,1,1,1,1
278,1,0,1,0,0,1,1,1
279,1,1,1,0,1,1,1,1
280,1,1,1,0,0,1,0,1
281,1,1,1,1,1,1,1,1
282,0,1,1,1,1,1,1,1
283,1,1,1,1,1,1,1,1
284,1,1,1,1,1,1,1,1
285,1,1,1,1,1,1,1,1
286,1,1,1,1,1,1,1,1
287,1,0,1,1,1,1,1,1
288,1,0,1,1,1,1,1,1
289,1,1,1,0,0,1,1,0
290,0,1,1,1,1,1,1,1
291,1,1,1,1,1,1,1,0
292,1,1,1,1,1,1,1,1
293,1,1,0,1,1,1,1,1
294,1,1,1,1,1,1,1,1
295,0,1,1,1,1,1,1,1
296,1,1,1,1,1,1,1,1
297,1,1,1,1,1,1,1,1
298,1,1,1,1,1,1,1,1
299,0,1,1,1,1,1,1,1
300,0,1,1,1,1,1,1,1
301,0,1,1,1,1,1,1,1
302,1,1,1,1,1,1,0,1
303,1,1,1,1,1,1,1,1
304,0,1,1,1,1,1,1,1
305,1,1,1,1,0,1,1,1
306,1,1,0,1,1,1,1,1
307,1,1,1,1,1,1,1,1
308,1,1,1,1,1,1,1,1
309,1,1,1,1,1,1,1,1
310,0,0,1,1,0,1,1,1
311,1,1,1,1,1,1,1,1
312,1,1,1,1,1,0,0,1
313,1,1,1,1,1,1,1,1
314,1,1,1,1,1,1,1,1
315,1,1,1,1,1,1,1,1
316,1,1,1,1,1,1,0,1
317,1,1,1,1,1,0,1,1
318,1,0,1,1,1,1,1,1
319,1,1,1,1,1,1,1,1
320,1,1,1,1,1,1,1,1
321,0,0,1,1,1,1,1,0
322,1,1,1,1,1,1,1,1
323,1,0,1,1,1,1,1,1
324,1,1,0,1,1,0,1,1
325,1,1,1,1,1,1,1,1
326,1,1,1,1,1,1,1,1
327,1,1,1,1,1,1,0,1
328,1,1,0,0,1,1,1,0
329,1,1,1,1,1,1,1,1
330,1,1,1,1,1,1,1,1
331,1,1,1,1,1,1,1,1
332,1,1,1,1,0,1,1,1
333,1,1,1,1,1,1,1,1
334,1,1,1,1,1,1,1,1
335,0,1,1,1,1,1,1,1
336,0,1,1,1,1,1,1,1
337,1,1,1,1,1,1,1,1
338,1,1,1,1,1,1,1,1
339,1,1,1,1,1,1,1,1
340,1,1,1,1,1,1,1,1
341,1,1,1,1,1,1,1,1
342,1,1,1,1,1,1,1,1
343,1,1,1,1,0,1,1,1
344,1,1,1,1,1,1,1,1
345,1,1,1,1,1,1,1,1
346,1,1,0,1,1,1,1,1
347,1,0,1,1,1,1,1,1
348,1,1,1,1,1,0,1,0
349,0,1,1,1,1,1,1,1
350,1,1,1,1,1,1,1,1
351,1,1,1,1,1,1,1,1
352,0,0,0,1,1,1,1,1
353,1,1,1,1,1,1,1,1
354,1,1,1,1,1,1,1,1
355,1,1,1,1,1,1,0,1
356,1,1,1,1,1,1,1,1
357,1,1,1,0,1,0,1,1
358,1,1,1,1,1,0,1,1
359,0,0,1,1,1,1,1,1
360,1,1,1,1,1,1,1,1
361,0,1,1,1,1,1,1,1
362,1,1,1,1,1,1,1,1
363,0,1,1,1,1,0,1,1
364,1,1,1,1,1,1,1,1
365,1,1,1,1,1,0,1,1
366,0,1,1,1,1,1,1,1
367,1,1,1,0,0,1,1,0
368,1,1,1,1,1,1,1,0
369,1,0,1,1,1,0,1,1
370,1,1,1,1,1,1,1,1
371,1,1,1,1,1,1,0,1
372,0,1,0,1,1,1,1,0
373,1,1,1,1,1,1,1,1
374,1,1,1,1,1,1,1,1
375,1,0,1,1,0,1,1,1
376,1,1,1,1,1,1,1,0
377,1,0,0,1,1,1,1,1
378,1,1,1,1,1,1,0,1
379,1,1,1,1,1,1,1,1
380,1,1,1,1,1,1,1,1
381,0,0,1,1,1,1,1,1
382,0,1,1,1,1,0,1,1
383,1,1,1,1,1,1,1,1
384,1,1,1,0,1,1,1,1
385,1,1,1,1,1,0,1,1
386,1,1,1,1,1,1,1,1
387,1,1,1,0,1,1,1,1
388,1,1,1,1,1,1,1,1
389,0,1,1,0,1,1,1,1
390,1,1,1,1,1,1,1,1
391,1,1,1,1,1,1,1,0
392,0,1,0,1,1,1,1,1
393,1,1,1,1,1,1,0,1
394,1,1,1,1,1,1,1,1
395,1,1,1,1,1,1,1,1
396,0,0,0,1,1,1,1,1
397,1,1,1,1,1,1,1,1
398,1,1,1,1,1,1,1,1
399,1,1,1,1,1,0,1,1
400,1,1,1,1,1,1,1,1
401,1,1,1,1,1,1,1,1
402,1,0,1,1,1,1,1,1
403,0,1,1,1,1,1,1,0
404,1,1,1,1,1,1,1,0
405,1,0,1,0,1,1,1,1
406,1,1,1,1,1,1,0,1
407,1,1,1,1,1,1,0,0
408,1,1,1,1,1,1,0,1
409,1,1,1,1,1,1,1,1
410,1,1,1,1,1,1,1,1
411,1,1,1,1,1,1,1,1
412,1,1,1,1,1,1,1,1
413,1,1,1,0,1,1,1,1
414,1,1,1,1,1,1,1,1
415,1,0,1,1,0,1,0,1
416,0,1,1,1,1,1,0,1
417,0,1,1,1,1,1,1,1
418,0,1,1,1,1,1,1,1
419,0,1,1,1,1,1,1,1
420,1,1,0,0,1,1,1,1
421,1,1,0,1,1,1,0,0
422,1,1,0,1,1,1,0,1
423,1,1,1,1,1,1,1,1
424,1,0,1,1,1,1,1,1
425,0,1,1,0,1,0,1,1
426,0,1,1,1,1,1,1,1
427,1,1,1,1,1,1,1,1
428,1,1,1,1,1,1,1,1
429,1,1,1,1,1,0,1,1
430,1,1,1,1,1,1,1,1
431,1,1,0,0,1,1,1,1
432,1,0,1,1,1,1,1,1
433,1,1,1,1,1,1,1,1
434,1,1,1,1,1,1,1,1
435,1,1,1,1,1,1,1,1
436,1,1,1,1,1,1,1,1
437,1,1,0,1,1,1,1,1
438,1,1,0,1,1,1,1,1
439,1,1,1,1,1,1,1,1
440,1,1,1,1,1,1,1,1
441,1,1,1,1,1,1,1,1
442,1,1,1,1,1,1,1,1
443,1,1,1,1,1,1,1,1
444,1,1,1,1,1,1,1,1
445,1,1,1,1,1,1,1,0
446,1,1,1,1,1,1,1,1
447,1,1,1,1,1,1,1,1
448,1,0,1,1,1,1,1,1
449,1,1,1,1,0,1,1,1
450,1,1,1,1,1,1,1,1
451,1,1,1,1,1,1,1,1
452,1,1,1,1,1,1,0,1
453,0,1,1,1,1,1,1,1
454,1,1,1,1,1,1,1,1
455,1,1,1,1,1,1,1,1
456,0,1,1,1,1,1,1,1
457,1,1,1,1,1,1,1,1
458,1,1,1,1,1,1,1,1
459,0,1,1,1,1,1,1,1
460,1,1,1,1,1,1,1,1
461,1,0,0,1,0,1,0,1
462,1,1,1,1,1,1,1,1
463,1,1,1,1,1,1,1,0
464,1,1,1,1,1,1,1,1
465,1,1,1,1,1,1,1,1
466,1,1,1,1,1,1,1,1
467,1,1,1,1,1,1,1,1
468,1,1,1,1,0,1,1,1
469,1,1,0,1,0,1,1,1
470,1,1,1,1,1,1,0,1
471,1,0,1,1,0,1,1,1
472,0,1,1,1,1,1,1,1
473,1,1,1,1,1,1,1,0
474,1,1,1,1,1,1,0,1
475,1,1,0,1,1,1,1,0
476,1,1,0,0,1,1,0,0
477,1,1,1,1,1,1,1,1
478,1,1,1,1,0,1,1,1
479,1,1,1,1,1,0,1,1
480,0,1,1,1,1,1,1,1
481,1,1,1,0,1,1,0,1
482,1,1,1,1,1,1,1,1
483,1,1,1,1,0,1,1,1
484,1,1,1,1,1,1,1,1
485,1,1,1,1,1,1,1,1
486,1,1,1,1,1,1,1,1
487,1,1,1,0,1,1,1,1
488,1,1,1,1,1,1,1,1
489,1,1,1,1,1,1,1,1
490,1,0,1,1,0,1,1,1
491,1,0,0,1,1,1,1,1
492,1,1,1,1,1,1,1,1
493,1,1,1,1,1,1,1,1
494,0,1,1,1,1,1,1,0
495,1,1,1,1,0,1,1,1
496,1,1,1,1,1,1,1,1
497,1,1,1,1,1,1,1,1
498,1,1,1,1,1,1,1,1
499,1,1,1,1,1,1,1,1
500,1,1,1,1,1,0,1,1
501,0,1,1,1,1,1,1,1
502,1,1,1,1,1,1,1,1
503,1,1,1,1,1,1,1,1
504,1,1,1,1,1,1,1,1
505,1,1,1,1,1,1,1,0
506,1,1,1,1,1,0,1,1
507,1,1,1,1,1,1,1,1
508,1,1,1,1,1,1,1,1
509,1,1,1,1,1,1,1,1
510,1,1,1,1,1,1,1,1
511,1,1,1,1,1,1,1,0
512,1,1,1,1,1,1,1,1
513,1,1,1,1,1,0,1,1
514,0,0,1,1,1,1,1,1
515,1,0,1,1,1,1,1,1
516,1,1,1,1,1,1,1,1
517,1,1,1,1,1,1,1,1
518,0,1,1,1,1,1,1,1
519,1,1,1,1,1,1,0,1
520,1,1,1,1,1,1,1,1
521,1,1,1,1,1,1,1,1
522,0,1,1,1,1,1,1,1
523,1,1,1,1,1,1,1,1
524,1,1,1,1,0,1,1,1
525,1,1,1,1,1,1,1,1
526,1,1,0,0,1,1,1,1
527,1,1,1,1,1,1,1,1
528,1,1,0,1,1,1,1,1
529,1,0,1,1,1,1,1,1
530,1,1,1,1,1,1,1,1
531,1,1,1,1,1,1,1,1
532,1,0,1,1,1,1,1,1
533,1,1,1,1,1,1,1,1
534,1,1,0,1,1,1,1,1
535,1,1,1,1,1,1,1,0
536,1,1,1,1,1,1,1,1
537,1,1,0,1,1,1,1,1
538,1,1,1,1,1,1,1,1
539,1,1,1,1,1,0,1,1
540,1,1,1,1,0,1,1,1
541,1,1,1,1,1,1,1,0
542,1,0,1,1,1,1,1,1
543,1,1,1,1,1,1,1,1
544,1,1,1,0,1,1,1,1
545,1,1,1,1,1,1,1,1
546,1,1,1,1,1,1,1,1
547,1,1,1,1,1,1,0,1
548,1,1,1,1,1,0,1,1
549,0,1,1,1,1,1,1,1
550,1,1,1,1,1,1,1,1
551,1,1,1,1,1,1,1,1
552,1,0,1,1,1,1,1,1
553,1,1,1,1,1,1,1,1
554,1,1,1,1,1,1,1,1
555,1,0,0,1,1,1,1,1
556,1,1,1,1,1,1,1,1
557,1,1,1,1,1,1,1,1
558,0,1,1,1,1,1,1,0
559,1,1,1,1,1,1,1,1
560,1,1,1,1,1,0,1,1
561,1,1,1,1,1,1,1,1
562,1,1,1,1,1,1,1,0
563,0,0,1,1,1,1,1,1
564,0,1,1,1,1,1,1,0
565,1,1,1,1,1,0,1,1
566,1,1,1,1,1,1,1,1
567,1,0,1,1,1,1,1,1
568,1,1,1,1,1,1,1,1
569,1,1,1,1,1,1,1,1
570,1,1,1,1,1,1,1,1
571,1,1,1,1,1,1,1,1
572,1,1,1,0,1,1,1,1
573,1,1,1,1,0,1,1,1
574,1,1,1,1,1,1,1,0
575,1,1,1,0,1,1,0,1
576,1,1,1,1,0,0,1,1
577,1,1,1,1,1,0,1,1
578,1,0,0,1,1,1,0,1
579,1,1,1,1,1,1,1,1
580,1,1,1,1,1,1,1,1
581,1,1,1,1,1,1,1,1
582,1,0,1,1,1,1,1,1
583,1,1,0,1,1,1,1,1
584,0,1,1,0,1,1,1,1
585,1,1,0,1,1,1,1,1
586,1,1,1,1,0,1,1,1
587,1,1,1,1,1,1,1,1
588,0,1,1,1,1,1,1,1
589,1,1,1,1,1,1,1,1
590,1,0,1,1,1,1,1,1
591,1,1,1,1,1,0,1,0
592,1,1,1,1,1,1,1,1
593,1,1,1,1,1,1,1,1
594,1,1,0,1,1,1,1,1
595,1,1,1,1,1,1,1,0
596,1,1,1,1,1,1,1,1
597,0,1,1,1,1,1,1,1
598,1,1,1,1,1,1,0,1
599,1,1,1,1,0,1,1,1
600,1,1,1,1,0,1,1,1
601,1,1,1,1,1,1,0,1
602,1,1,1,1,0,1,1,1
603,1,1,1,1,1,1,1,1
604,1,1,1,1,1,0,1,1
605,1,1,1,1,1,1,1,0
606,1,1,1,1,1,1,1,1
607,1,0,1,1,1,1,0,1
608,1,1,1,1,1,0,0,1
609,1,1,1,1,1,1,1,1
610,1,1,0,0,1,1,1,0
611,1,1,1,1,1,1,1,1
612,0,1,1,1,1,1,1,1
613,1,1,1,1,1,1,1,0
614,1,1,1,1,0,1,1,0
615,1,0,1,0,0,1,1,1
616,1,1,1,1,1,1,0,1
617,0,0,1,1,0,1,1,1
618,0,0,1,0,0,1,1,1
619,1,1,1,1,1,1,1,1
620,1,1,1,1,1,1,1,0
621,1,1,1,1,1,1,1,1
622,0,1,1,1,1,1,1,1
623,1,1,1,1,0,1,1,1
624,1,1,1,1,1,1,1,1
625,1,1,1,1,1,1,1,1
626,1,1,1,1,0,0,1,1
627,1,1,1,1,1,1,1,1
628,1,1,1,1,1,1,1,1
629,1,1,1,1,1,1,1,1
630,1,1,1,1,1,1,1,1
631,1,1,1,1,1,1,1,0
632,1,1,1,1,1,1,1,1
633,0,1,1,1,1,1,1,1
634,1,0,1,1,1,1,1,1
635,1,1,1,1,1,1,1,1
636,1,1,1,1,1,1,1,1
637,1,1,1,1,1,1,1,1
638,1,1,1,1,1,1,1,1
639,0,1,1,1,1,1,1,0
640,1,1,1,0,1,1,1,1
641,0,1,1,1,1,1,1,1
642,1,1,1,1,1,1,1,1
643,0,1,1,1,1,1,1,1
644,1,1,1,1,1,1,1,1
645,0,1,0,1,1,1,1,1
646,1,0,1,1,0,1,1,1
647,1,1,1,1,1,1,0,1
648,1,1,0,0,1,1,1,1
649,1,1,1,1,0,1,1,1
650,1,1,1,1,1,1,1,0
651,1,1,1,1,1,1,1,1
652,1,1,1,1,1,1,1,1
653,0,1,1,1,0,1,0,1
654,1,1,1,1,0,0,1,1
655,0,1,0,1,1,1,1,1
656,1,1,1,1,1,1,1,1
657,1,1,1,1,1,1,1,1
658,1,1,1,1,1,1,1,1
659,1,1,1,0,1,1,1,1
660,1,1,1,1,1,1,1,0
661,1,1,1,1,1,1,1,0
662,1,1,1,1,1,0,1,1
663,1,1,1,1,0,1,1,1
664,1,1,1,1,1,1,1,1
665,1,1,1,1,1,1,1,1
666,0,1,1,1,1,1,1,0
667,1,1,1,1,1,0,1,1
668,1,1,1,1,1,1,1,1
669,1,1,0,1,1,1,1,1
670,1,1,1,1,1,1,0,1
671,1,1,1,1,1,1,0,0
672,1,1,1,1,1,1,1,1
673,1,0,0,1,1,1,1,1
674,1,1,1,1,1,1,0,1
675,1,1,1,0,1,1,1,1
676,1,1,1,1,1,1,1,1
677,1,1,1,1,1,1,1,1
678,1,0,1,1,1,1,1,1
679,1,1,1,1,1,1,1,1
680,1,1,1,1,1,1,0,0
681,1,1,1,1,0,0,1,1
682,1,1,0,1,1,1,1,1
683,1,1,1,1,1,1,1,1
684,1,1,1,1,1,1,1,1
685,1,1,1,1,1,1,0,1
686,1,1,1,1,1,1,0,1
687,1,0,1,1,1,1,1,1
688,1,1,1,0,1,0,0,1
689,1,1,1,1,1,1,1,1
690,1,1,1,1,1,1,1,1
691,1,1,1,1,1,1,1,1
692,1,1,1,1,1,1,1,1
693,1,1,1,1,1,1,1,1
694,1,1,1,0,1,1,1,1
695,1,1,1,1,1,1,1,0
696,1,1,1,0,1,1,1,1
697,1,1,1,1,1,1,1,1
698,0,1,1,0,0,0,1,1
699,0,1,1,1,1,1,1,1
700,1,1,1,1,1,1,1,1
701,1,1,1,1,1,1,1,1
702,1,1,1,1,1,1,1,1
703,1,1,1,1,1,1,1,0
704,1,1,0,1,1,1,1,1
705,1,1,1,1,1,1,1,1
706,1,1,0,0,1,1,1,1
707,1,1,1,1,1,1,1,1
708,1,1,1,1,0,1,1,1
709,1,1,1,1,1,1,1,1
710,1,1,1,1,1,1,1,1
711,1,1,1,1,1,1,1,1
712,1,1,1,1,1,1,1,1
713,1,0,1,1,1,1,1,1
714,1,1,1,1,0,1,1,1
715,1,1,1,1,1,1,1,1
716,1,1,1,1,1,1,1,1
717,1,1,1,1,1,1,1,1
718,1,1,1,1,1,1,1,0
719,1,1,1,1,1,1,1,1
720,1,1,1,1,1,1,1,1
721,1,1,1,1,1,1,1,0
722,1,0,1,1,1,1,1,1
723,1,1,0,1,1,1,1,1
724,1,1,1,1,1,1,1,1
725,1,1,1,1,1,1,1,1
726,1,1,1,1,1,1,1,1
727,1,0,0,1,1,1,1,1
728,1,1,1,1,1,1,1,1
729,1,1,1,0,0,1,1,1
730,1,1,1,1,0,1,1,1
731,1,1,1,1,1,1,1,1
732,1,1,1,1,1,1,1,1
733,1,1,1,1,1,1,1,1
734,0,1,1,1,1,0,1,1
735,1,0,0,1,1,1,1,0
736,0,1,1,1,1,1,1,1
737,1,1,1,1,1,1,1,1
738,1,1,1,1,1,1,1,1
739,1,1,1,1,1,1,0,0
740,1,1,1,1,1,1,1,1
741,1,0,1,1,1,1,1,1
742,1,0,1,1,1,1,1,1
743,1,1,1,1,1,1,1,1
744,0,1,1,1,1,1,1,1
745,1,1,1,1,1,1,0,1
746,1,1,1,1,1,1,1,1
747,1,1,1,1,1,1,1,1
748,1,1,1,0,1,1,1,1
749,1,1,1,1,1,1,1,1
750,1,1,1,1,1,1,1,1
751,1,1,1,1,1,1,1,1
752,1,1,1,1,1,1,1,1
753,1,1,1,1,1,1,1,1
754,1,1,1,1,0,1,1,1
755,1,0,0,0,1,1,1,1
756,1,0,0,0,1,1,1,0
757,1,1,0,1,1,1,1,1
758,1,1,1,1,1,1,1,1
759,1,1,1,1,0,1,1,1
760,0,1,1,1,0,1,0,1
761,1,1,1,1,1,1,1,1
762,1,1,1,1,1,1,1,1
763,1,1,1,1,1,1,1,1
764,1,1,1,1,1,1,0,1
765,1,1,0,1,1,0,1,1
766,1,1,1,1,1,1,0,1
767,1,1,1,1,1,1,0,1
768,1,1,1,0,0,1,0,1
769,1,1,1,1,1,1,1,1
770,1,1,1,1,1,1,1,1
771,1,1,1,0,1,1,1,1
772,0,1,1,1,1,1,1,1
773,0,1,1,1,1,1,1,1
774,1,1,1,1,0,1,1,0
775,1,1,1,1,1,1,1,1
776,1,1,1,1,1,1,1,1
777,1,1,1,1,1,1,1,1
778,1,1,1,0,1,1,0,1
779,1,1,1,1,1,1,1,1
780,1,1,1,1,1,1,1,1
781,1,1,1,1,1,1,1,1
782,1,0,1,1,1,1,1,1
783,1,1,1,0,1,1,1,1
784,0,1,1,1,1,1,1,1
785,1,1,1,1,1,1,1,1
786,1,1,1,1,1,1,1,0
787,1,1,1,1,1,1,1,1
788,1,1,1,1,1,1,1,1
789,1,1,1,1,1,1,1,1
790,1,1,1,1,1,1,1,1
791,1,1,1,1,1,1,1,0
792,0,1,1,1,1,1,1,1
793,1,1,1,1,1,1,1,1
794,1,1,1,1,1,1,1,1
795,0,1,1,1,1,0,0,1
796,1,1,1,1,1,1,1,1
797,1,1,1,1,1,1,1,0
798,1,1,1,1,1,1,1,1
799,1,1,1,0,0,1,0,0
800,1,1,1,0,0,1,1,1
801,1,1,1,1,1,1,1,1
802,1,1,0,1,1,1,1,1
803,0,1,1,1,1,1,1,1
804,1,1,1,1,1,1,1,1
805,0,1,1,1,1,1,1,1
806,1,1,1,1,0,1,1,1
807,0,1,1,1,1,1,1,1
808,1,1,1,1,1,0,1,1
809,1,1,1,1,0,1,1,1
810,1,1,1,1,1,1,1,1
811,1,1,1,1,1,1,1,1
812,0,1,1,1,1,0,1,1
813,0,1,1,1,1,1,1,1
814,1,1,1,1,1,1,1,1
815,1,1,0,1,1,1,1,1
816,1,1,1,1,1,1,1,1
817,1,1,1,1,1,0,1,0
818,1,1,1,1,1,0,1,1
819,1,1,0,1,1,1,1,1
820,1,1,1,1,1,0,1,1
821,1,0,1,1,1,1,1,1
822,1,1,1,0,0,1,1,1
823,1,1,1,0,1,1,1,1
824,1,1,1,1,1,1,1,1
825,0,1,1,1,1,1,1,1
826,0,0,0,1,1,1,1,1
827,1,1,1,1,1,1,1,1
828,1,1,1,1,1,1,0,1
829,0,0,1,1,1,1,1,1
830,0,1,1,1,1,1,1,1
831,1,1,1,1,0,1,1,1
832,1,1,0,1,1,1,1,1
833,0,1,0,0,1,1,1,1
834,1,1,1,1,1,1,1,1
835,0,1,1,1,1,0,0,0
836,1,1,1,1,1,1,1,1
837,1,1,1,1,1,1,1,1
838,1,1,0,1,1,1,1,1
839,1,1,1,1,1,1,1,0
840,1,1,1,1,1,1,1,1
841,1,1,1,1,1,1,1,1
842,1,1,1,0,1,0,1,1
843,1,1,1,1,1,1,1,1
844,1,1,1,1,1,0,1,1
845,1,1,1,1,1,1,1,1
846,1,1,1,0,1,1,1,1
847,1,1,1,1,1,1,1,1
848,1,0,1,0,0,1,1,1
849,1,1,1,1,1,1,1,1
850,1,1,1,1,1,1,1,1
851,0,1,1,0,1,1,1,1
852,1,1,0,1,1,1,1,1
853,1,1,1,1,1,1,1,1
854,0,1,1,1,0,1,1,1
855,1,1,1,1,1,1,1,1
856,1,1,1,1,1,1,1,1
857,0,0,1,1,0,0,1,1
858,1,1,0,0,0,1,1,0
859,1,1,1,1,1,1,1,1
860,1,0,0,1,1,1,1,0
861,1,1,1,1,1,1,1,1
862,1,1,1,1,1,1,1,1
863,1,1,1,1,1,1,1,1
864,1,1,1,1,1,1,1,1
865,1,1,0,0,1,1,1,1
866,1,1,1,1,1,1,1,1
867,1,1,1,1,1,1,1,1
868,1,0,1,1,0,1,1,1
869,1,1,1,1,1,1,1,0
870,1,0,1,0,1,1,0,1
871,1,1,1,1,1,1,1,1
872,1,1,1,1,1,1,0,0
873,1,1,1,1,1,1,1,1
874,1,1,1,1,1,1,1,1
875,1,1,0,1,1,1,1,1
876,1,1,1,1,0,1,1,1
877,1,1,1,1,1,1,1,0
878,0,1,1,1,0,0,1,1
879,1,1,1,1,1,1,1,1
880,1,1,1,1,0,1,1,1
881,1,1,0,1,1,1,1,1
882,1,1,1,1,1,0,1,1
883,1,1,1,0,0,1,1,0
884,1,1,0,1,1,1,1,1
885,1,1,1,1,1,1,1,1
886,1,0,1,1,1,1,1,1
887,1,1,1,1,0,1,1,1
888,1,1,0,1,1,1,1,1
889,1,1,1,1,1,1,1,1
890,1,1,0,1,1,1,1,1
891,1,0,0,1,1,1,1,1
892,1,1,1,1,1,1,1,1
893,0,0,1,1,1,1,1,1
894,0,1,0,1,1,1,0,1
895,1,1,1,1,1,1,1,1
896,1,1,1,1,1,1,1,0
897,1,0,1,1,1,1,1,0
898,0,1,1,1,0,1,0,1
899,1,1,1,1,1,1,1,0
900,1,1,1,1,0,1,1,1
901,1,1,1,1,1,1,1,1
902,0,0,1,0,1,1,1,1
903,1,1,1,1,1,1,1,1
904,1,1,1,1,1,1,1,1
905,1,1,1,1,1,1,1,1
906,1,0,0,1,1,1,1,1
907,1,1,1,1,1,1,1,1
908,1,1,1,1,1,1,1,1
909,1,1,1,1,1,1,1,1
910,1,1,1,1,1,1,1,1
911,1,1,1,1,1,1,1,1
912,1,1,1,1,1,1,1,1
913,1,1,1,1,1,1,1,1
914,1,0,1,1,1,1,1,1
915,1,0,0,1,1,1,1,1
916,1,1,1,1,1,1,1,1
917,1,1,1,1,1,1,1,1
918,1,1,1,1,1,1,1,1
919,1,1,0,0,1,1,1,1
920,1,0,1,1,1,1,1,1
921,1,1,1,1,1,1,1,1
922,1,1,1,1,1,1,1,1
923,1,1,1,1,1,1,0,1
924,1,0,1,0,1,1,0,1
925,1,1,1,1,1,1,1,1
926,1,1,1,1,1,1,1,1
927,1,1,1,1,1,1,1,1
928,1,1,1,1,1,1,1,0
929,1,1,1,1,1,1,1,1
930,1,1,0,1,1,1,1,1
931,1,1,1,1,1,1,1,1
932,1,1,1,1,1,0,1,0
933,1,1,1,1,1,1,1,1
934,1,1,1,1,1,1,0,1
935,1,1,0,1,0,1,1,1
936,1,0,1,1,1,1,1,1
937,1,1,1,1,0,1,1,1
938,1,0,1,1,1,1,1,1
939,1,1,1,1,1,0,1,1
940,0,1,1,1,1,1,1,1
941,1,1,1,1,1,1,1,1
942,1,1,0,1,1,1,1,1
943,0,1,0,1,1,1,1,1
944,1,1,0,1,1,0,1,1
945,1,0,1,1,1,1,1,0
946,1,1,1,1,1,1,1,1
947,1,1,1,1,1,1,1,1
948,1,1,0,1,1,1,1,1
949,1,1,1,1,1,0,0,1
950,0,1,1,1,1,1,1,1
951,1,0,0,0,0,1,1,1
952,1,1,1,1,1,1,1,1
953,1,0,1,1,1,1,1,1
954,1,1,1,1,1,1,0,1
955,1,1,0,1,1,1,1,1
956,1,1,1,0,1,1,1,1
957,1,1,1,1,1,1,1,1
958,1,1,1,1,1,1,1,0
959,1,0,1,1,1,1,1,1
960,1,1,1,0,1,1,1,1
961,1,0,1,1,1,1,1,1
962,1,1,1,1,1,1,1,1
963,0,1,1,1,1,1,1,1
964,0,1,1,1,1,1,1,1
965,1,1,1,1,1,0,0,1
966,1,1,1,1,1,1,1,1
967,1,1,1,1,1,1,1,1
968,1,1,1,1,1,1,1,1
969,1,1,1,0,1,1,1,1
970,1,0,0,1,1,0,1,1
971,0,1,1,1,1,1,1,1
972,1,1,1,1,1,1,0,1
973,1,1,0,0,1,1,1,1
974,1,1,1,1,1,1,0,1
975,0,1,1,1,1,1,1,1
976,0,1,1,1,1,1,1,1
977,1,1,1,1,1,1,1,1
978,1,1,1,1,1,1,1,1
979,1,1,1,1,1,1,1,1
980,1,0,0,0,1,1,1,0
981,1,1,1,1,1,1,1,0
982,1,1,1,1,1,1,1,1
983,1,0,1,1,1,1,1,1
984,1,1,0,1,1,1,1,1
985,1,1,1,1,1,1,1,1
986,1,1,1,1,1,1,1,1
987,1,0,1,1,1,1,1,1
988,1,1,1,1,1,1,1,1
989,1,1,1,1,1,1,1,1
990,1,1,1,1,1,1,1,1
991,1,1,1,1,1,0,1,0
992,1,0,1,1,1,1,1,1
993,1,1,1,1,1,1,1,1
994,1,1,1,1,1,1,1,1
995,0,0,1,1,1,0,1,1
996,1,1,1,1,1,1,1,1
997,1,1,1,1,0,1,1,1
998,1,1,1,1,1,1,1,1
999,1,1,1,1,1,1,1,1
1000,1,1,1,1,1,0,1,1
1001,1,1,1,1,1,1,1,1
1002,1,1,1,1,1,1,1,1
1003,1,1,1,1,0,1,1,1
1004,1,1,1,1,1,1,1,1
1005,1,1,1,0,1,1,1,1
1006,1,1,1,1,1,1,1,1
1007,1,1,0,1,1,1,1,1
1008,1,1,1,1,1,0,0,1
1009,1,1,1,1,1,1,0,1
1010,1,1,1,1,1,1,1,1
1011,0,1,1,1,1,1,1,1
1012,1,1,1,1,1,1,1,1
1013,1,0,1,1,1,1,1,1
1014,1,1,0,1,1,1,1,1
1015,1,1,1,1,1,1,1,1
1016,1,1,1,1,1,1,1,1
1017,0,1,1,1,1,1,1,1
1018,1,1,1,1,1,0,0,1
1019,1,1,0,1,1,1,1,1
1020,1,1,1,1,1,1,1,1
1021,1,1,1,1,1,1,1,1
1022,1,1,0,0,1,0,1,1
1023,1,1,1,1,1,1,1,1
1024,0,1,1,1,1,1,1,1
1025,1,1,0,0,1,0,1,1
1026,1,1,1,1,1,1,1,1
1027,1,1,1,0,0,1,1,1
1028,1,1,1,1,1,1,1,1
1029,1,0,1,1,1,1,1,1
1030,1,1,1,1,1,1,1,1
1031,1,1,1,1,1,1,1,1
1032,1,1,1,1,1,1,1,1
1033,1,1,1,1,1,1,1,1
1034,1,0,1,1,1,1,0,1
1035,1,1,1,1,1,1,1,1
1036,1,1,1,1,1,1,1,1
1037,1,1,1,1,1,1,1,0
1038,1,1,1,1,0,1,1,1
1039,0,1,1,1,1,1,1,1
1040,1,1,1,1,0,1,1,1
1041,1,1,1,1,1,1,1,1
1042,1,1,1,1,1,1,1,1
1043,1,1,0,1,0,1,1,1
1044,1,1,1,1,1,1,0,0
1045,1,1,1,1,1,1,1,1
1046,1,1,1,1,1,1,0,1
1047,1,0,0,0,1,1,1,1
1048,1,1,1,0,1,1,0,0
1049,1,0,1,1,1,1,1,1
1050,1,1,1,1,1,1,1,0
1051,0,1,1,1,1,1,1,1
1052,1,1,1,1,1,1,1,1
1053,1,1,1,1,1,1,1,1
1054,1,1,1,0,1,1,0,1
1055,1,1,1,1,1,1,1,1
1056,1,1,1,1,1,1,1,1
1057,1,1,1,1,1,1,1,1
1058,0,0,1,1,1,1,1,1
1059,1,1,1,1,1,1,1,1
1060,1,1,1,1,0,1,1,1
1061,1,0,1,1,1,0,0,1
1062,1,1,1,1,1,1,1,1
1063,1,1,1,1,1,1,1,1
1064,1,1,0,1,1,1,1,1
1065,1,1,1,1,1,1,1,1
1066,1,1,1,1,1,1,1,1
1067,1,0,1,1,1,1,1,1
1068,1,1,1,1,1,1,1,1
1069,1,1,1,1,1,1,1,1
1070,1,1,1,1,1,1,1,0
1071,1,0,1,1,1,0,1,0
1072,1,1,1,1,1,1,1,1
1073,0,1,1,0,1,1,1,0
1074,1,1,1,1,1,1,1,1
1075,1,1,1,1,1,1,1,0
1076,1,1,1,1,1,1,1,1
1077,0,1,1,1,1,1,1,1
1078,1,1,1,1,1,1,1,1
1079,1,1,0,1,1,1,1,1
1080,1,1,1,1,1,1,1,1
1081,1,1,1,1,1,1,1,0
1082,1,1,1,1,1,0,1,1
1083,1,1,0,1,1,1,0,1
1084,1,1,1,1,1,0,1,1
1085,1,1,1,1,1,1,1,1
1086,1,1,1,1,1,1,1,1
1087,1,1,1,1,1,1,1,1
1088,1,0,1,1,1,1,1,1
1089,0,1,1,1,1,1,1,1
1090,1,0,1,1,1,1,1,1
1091,1,1,1,1,1,1,1,0
1092,1,1,0,1,1,1,0,1
1093,1,1,1,1,1,1,1,1
1094,0,0,1,1,1,1,1,1
1095,0,0,1,1,1,1,1,1
1096,1,1,1,1,1,1,1,1
1097,1,0,0,1,1,1,1,1
1098,1,1,1,1,1,1,1,1
1099,1,1,0,1,1,1,1,1
1100,1,0,1,1,1,1,1,1
1101,1,1,1,1,0,1,1,0
1102,1,1,1,1,1,1,1,1
1103,1,1,1,1,1,1,1,1
1104,1,0,1,1,1,1,1,1
1105,1,1,1,1,1,1,1,0
1106,1,1,1,1,1,1,1,1
1107,1,1,1,1,1,1,1,1
1108,1,1,1,1,1,1,1,1
1109,0,1,0,1,1,0,1,1
1110,1,1,1,1,1,1,1,1
1111,1,1,0,0,1,1,1,1
1112,1,1,1,1,1,1,1,1
1113,0,1,1,1,1,1,1,1
1114,0,1,1,1,1,1,1,1
1115,1,1,1,1,1,1,1,0
1116,0,1,1,0,1,1,1,1
1117,1,1,1,1,1,1,1,1
1118,1,1,1,1,1,0,0,1
1119,1,1,1,1,1,1,1,1
1120,1,1,1,1,1,1,0,1
1121,1,1,1,1,1,1,1,1
1122,1,1,1,1,1,1,1,1
1123,1,1,1,0,1,1,1,1
1124,1,1,1,1,1,1,1,1
1125,0,1,1,1,1,1,1,1
1126,1,1,1,1,1,0,1,1
1127,1,1,1,1,1,1,1,1
1128,1,1,1,1,1,1,1,1
1129,1,1,1,1,1,1,1,1
1130,1,1,1,0,1,0,1,1
1131,1,1,1,0,0,1,1,1
1132,1,1,1,1,1,1,1,1
1133,1,1,1,0,1,1,1,0
1134,1,1,1,1,1,1,1,1
1135,1,1,1,1,1,1,1,1
1136,1,0,1,1,1,1,1,1
1137,1,0,0,0,1,1,1,1
1138,1,1,1,1,0,1,1,1
1139,1,1,1,1,1,1,1,1
1140,1,1,1,1,1,1,1,1
1141,1,1,1,1,1,1,1,1
1142,0,1,1,0,1,1,1,1
1143,1,1,1,0,1,1,1,1
1144,1,1,1,1,1,1,1,1
1145,1,1,1,1,1,1,1,1
1146,1,1,1,1,1,0,1,1
1147,1,0,1,1,1,1,1,1
1148,1,1,1,1,1,0,1,1
1149,1,1,1,1,1,1,1,1
1150,1,1,1,1,1,1,0,1
1151,0,1,1,1,1,1,1,1
1152,0,1,1,1,1,1,1,1
1153,1,1,1,1,1,1,1,0
1154,0,1,1,0,1,1,1,0
1155,1,1,1,0,1,1,0,1
1156,1,1,1,1,1,0,1,1
1157,1,1,0,1,1,1,1,1
1158,1,1,1,1,1,1,1,1
1159,1,1,1,1,1,1,1,1
1160,1,1,1,0,1,1,1,1
1161,1,1,1,1,1,1,1,1
1162,0,1,1,1,1,1,1,1
1163,0,1,0,1,1,1,1,1
1164,1,0,1,1,1,1,1,1
1165,1,1,1,1,0,0,1,1
1166,1,1,0,1,1,1,1,1
1167,1,1,0,1,0,1,1,1
1168,1,1,1,1,1,1,1,1
1169,1,1,1,1,0,1,1,1
1170,1,1,1,1,1,1,1,1
1171,1,1,1,1,1,1,1,1
1172,1,1,1,1,1,1,1,1
1173,1,1,1,1,1,1,1,1
1174,0,1,1,1,1,1,1,1
1175,1,1,1,1,1,1,1,1
1176,1,1,1,1,1,1,1,1
1177,1,1,1,1,1,1,1,1
1178,1,1,1,1,1,1,1,1
1179,0,1,1,1,1,1,1,1
1180,1,1,1,1,1,0,1,1
1181,1,1,1,1,1,1,1,1
1182,1,1,1,1,0,0,1,1
1183,0,1,1,1,1,0,1,1
1184,1,1,1,1,1,1,1,1
1185,1,1,1,1,0,1,1,1
1186,1,1,1,1,1,1,1,1
1187,1,1,1,1,1,1,0,1
1188,1,1,1,0,1,1,1,1
1189,1,1,1,1,1,1,0,0
1190,1,1,1,1,1,1,1,1
1191,1,1,0,1,1,1,1,1
1192,1,1,1,1,1,1,1,1
1193,1,1,1,1,1,1,1,1
1194,1,1,1,1,1,1,1,1
1195,1,1,1,1,1,1,1,0
1196,1,1,1,1,1,1,1,1
1197,0,0,1,1,1,1,1,1
1198,1,1,1,1,0,1,1,1
1199,1,1,1,1,1,1,1,1
1200,1,1,1,1,1,1,1,1
1201,1,1,1,1,1,1,0,1
1202,1,1,1,0,0,1,1,1
1203,1,1,1,0,1,1,1,1
1204,0,1,1,0,1,1,0,1
1205,1,1,0,0,1,1,1,1
1206,1,1,1,1,1,1,1,1
1207,0,0,0,1,1,1,1,1
1208,0,1,1,1,1,1,1,1
1209,1,1,1,1,1,1,1,1
1210,1,1,1,1,1,1,1,0
1211,1,1,1,1,1,1,1,1
1212,1,1,1,1,1,1,1,1
1213,0,1,0,0,0,1,1,1
1214,1,1,1,1,1,1,1,1
1215,1,1,1,1,1,1,1,1
1216,1,0,0,1,1,1,1,1
1217,1,1,0,1,1,1,0,1
1218,1,1,1,1,0,1,1,1
1219,0,1,1,1,1,0,1,1
1220,1,1,1,1,1,1,1,1
1221,1,1,1,1,1,1,1,1
1222,1,0,1,1,1,1,1,0
1223,1,1,1,1,1,1,1,0
1224,1,1,1,1,1,1,1,1
1225,1,1,1,1,1,1,0,0
1226,1,1,1,1,1,0,1,1
1227,1,0,1,1,1,1,1,1
1228,1,0,1,1,1,1,1,1
1229,1,1,1,1,1,1,1,1
1230,1,1,1,1,1,1,1,1
1231,1,1,0,1,0,1,1,1
1232,1,1,1,1,1,1,1,1
1233,1,1,1,1,1,1,1,1
1234,1,1,1,1,1,1,1,1
1235,1,1,1,1,1,1,1,1
1236,1,1,1,1,1,0,0,1
1237,1,1,1,1,1,1,1,1
1238,1,0,1,1,1,1,1,1
1239,1,1,1,1,0,1,1,1
1240,1,1,1,1,1,0,0,1
1241,1,1,1,1,1,1,1,1
1242,1,1,1,0,1,1,1,1
1243,1,1,1,0,1,1,1,1
1244,1,0,1,1,1,1,1,1
1245,0,1,1,1,1,1,1,1
1246,1,1,1,1,0,1,1,1
1247,0,1,1,1,1,1,1,1
1248,1,0,0,1,1,1,1,1
1249,0,1,1,1,1,1,1,1
1250,1,1,1,1,1,0,1,1
1251,1,1,1,1,1,1,1,1
1252,1,1,1,1,1,1,1,1
1253,1,1,1,1,0,1,1,1
1254,1,1,1,1,1,1,1,0
1255,1,1,1,1,1,1,1,1
1256,1,1,1,1,1,1,1,1
1257,1,1,1,1,1,1,1,1
1258,1,1,1,0,1,1,1,1
1259,1,1,1,1,1,1,1,1
1260,1,1,1,1,1,1,0,1
1261,1,1,1,1,1,1,1,1
1262,1,0,1,1,1,1,1,0
1263,1,1,1,1,1,1,1,1
1264,1,1,1,1,1,1,1,1
1265,1,1,1,1,1,0,1,1
1266,0,0,1,1,1,1,1,1
1267,1,1,1,1,1,0,1,1
1268,1,1,1,1,1,1,0,1
1269,1,1,1,1,1,1,1,1
1270,1,1,1,1,1,1,1,1
1271,1,0,1,1,0,1,1,1
1272,1,1,1,1,1,1,1,1
1273,1,1,1,0,1,1,1,1
1274,1,1,1,1,1,1,1,1
1275,1,1,1,1,1,1,1,1
1276,1,1,1,1,0,0,1,1
1277,1,1,1,1,1,1,1,0
1278,1,1,1,0,1,1,1,1
1279,1,1,1,1,1,1,1,0
1280,1,1,1,1,1,1,1,1
1281,1,1,1,1,1,1,1,1
1282,1,1,1,1,1,1,1,1
1283,1,1,1,1,1,1,1,1
1284,1,1,1,1,1,1,1,1
1285,1,1,1,1,1,1,1,1
1286,1,1,1,1,1,1,0,1
1287,1,1,1,1,1,1,1,1
1288,1,1,1,0,1,1,1,1
1289,1,1,1,1,1,1,1,1
1290,1,1,1,1,0,0,1,1
1291,1,1,1,1,1,1,1,1
1292,1,1,1,1,1,1,1,1
1293,0,1,1,1,1,0,1,0
1294,1,1,1,1,1,1,1,1
1295,1,1,1,1,0,1,1,1
1296,1,1,1,1,1,0,1,1
1297,1,1,1,1,1,0,1,1
1298,1,1,1,1,0,1,1,1
1299,1,1,1,1,1,1,1,1
1300,1,1,1,1,1,1,1,1
1301,1,1,1,1,1,1,1,1
1302,1,1,1,1,1,1,1,1
1303,1,1,1,1,1,1,1,0
1304,1,1,1,1,0,0,1,1
1305,1,1,1,1,1,1,1,1
1306,1,1,1,1,1,0,1,1
1307,1,0,1,0,1,1,1,1
1308,1,1,1,1,1,1,1,0
1309,1,0,1,1,1,1,1,1
1310,0,0,1,1,1,1,1,1
1311,1,1,1,1,1,1,1,1
1312,1,1,1,1,0,1,1,1
1313,1,1,1,0,0,1,0,1
1314,1,1,1,1,1,1,1,0
1315,1,1,1,1,1,1,1,1
1316,0,1,1,1,1,1,1,1
1317,1,1,1,1,1,1,1,1
1318,1,1,1,1,1,1,1,0
1319,1,0,1,1,1,1,1,1
1320,0,0,1,1,1,1,1,1
1321,1,1,1,1,1,1,1,1
1322,1,1,1,1,1,1,1,1
1323,1,1,0,1,1,1,1,1
1324,0,1,1,1,1,1,1,1
1325,0,1,1,1,0,1,1,1
1326,0,1,1,0,1,1,1,1
1327,1,1,1,1,1,1,1,1
1328,1,1,1,1,1,1,1,1
1329,1,1,1,1,1,1,1,1
1330,0,1,1,1,1,1,0,1
1331,1,1,1,1,1,0,1,1
1332,1,1,1,1,1,0,1,0
1333,1,0,1,0,1,1,1,1
1334,1,1,1,1,1,1,1,1
1335,1,1,1,1,1,1,1,1
1336,1,1,1,0,1,1,1,1
1337,1,1,1,1,1,1,1,1
1338,1,1,1,1,1,1,1,0
1339,1,1,1,0,1,0,1,1
1340,1,1,0,1,1,1,1,1
1341,1,1,1,1,1,1,1,1
1342,1,1,1,1,1,1,1,1
1343,1,1,1,1,1,1,1,0
1344,1,1,1,0,0,1,1,1
1345,1,1,1,0,0,1,1,1
1346,1,0,1,1,1,1,1,1
1347,1,1,1,1,1,1,1,1
1348,1,0,1,1,1,1,1,1
1349,1,1,1,1,1,1,1,0
1350,1,1,1,1,0,1,1,1
1351,1,0,0,1,1,1,1,1
1352,1,1,1,1,1,1,1,1
1353,1,1,0,1,0,1,1,1
1354,1,1,1,1,1,1,1,1
1355,1,1,1,1,1,1,1,1
1356,1,1,0,1,1,1,1,1
1357,1,1,1,1,1,0,1,1
1358,1,1,1,1,1,1,1,1
1359,1,1,1,1,1,1,1,1
1360,1,1,1,0,1,1,1,1
1361,1,1,1,1,1,1,1,1
1362,1,1,0,1,1,1,1,1
1363,1,1,1,1,1,1,1,0
1364,1,1,1,1,1,1,1,1
1365,1,1,1,1,1,1,1,1
1366,1,0,0,1,1,1,1,1
1367,0,1,1,1,1,1,1,1
1368,1,1,1,1,1,1,1,1
1369,1,1,0,1,1,1,1,1
1370,1,1,1,1,1,1,1,1
1371,1,0,0,1,1,1,1,1
1372,1,1,1,1,1,1,1,1
1373,1,1,1,0,1,0,1,1
1374,1,1,1,1,1,1,1,1
1375,1,1,1,1,0,0,1,1
1376,1,1,1,0,1,1,1,1
1377,1,1,1,1,1,1,1,0
1378,1,1,1,1,1,1,1,1
1379,1,1,1,0,0,1,0,1
1380,1,0,1,1,1,1,1,1
1381,1,1,1,1,1,1,1,1
1382,1,1,1,1,1,1,1,0
1383,1,1,1,1,1,1,1,1
1384,0,1,0,1,1,1,1,1
1385,1,0,1,1,1,1,1,1
1386,1,1,1,0,1,1,1,1
1387,1,1,1,1,1,1,1,1
1388,1,1,1,1,1,1,1,1
1389,1,1,1,1,0,0,1,1
1390,1,1,1,1,0,1,1,1
1391,1,1,1,0,1,0,1,1
1392,1,0,1,1,1,1,1,1
1393,1,1,1,1,1,1,1,0
1394,1,1,1,1,1,1,1,1
1395,1,1,1,1,1,1,1,0
1396,1,1,1,1,1,1,0,1
1397,1,1,1,1,1,1,1,1
1398,1,1,1,1,0,1,1,1
1399,1,1,1,1,1,0,1,1
1400,1,1,1,0,1,0,1,1
1401,1,0,1,1,1,0,1,1
1402,1,1,1,1,0,1,1,1
1403,1,1,1,1,1,1,1,1
1404,1,1,1,1,1,1,0,1
1405,1,1,1,1,1,1,1,1
1406,1,1,1,1,1,1,1,0
1407,1,1,1,1,1,1,1,1
1408,1,1,1,1,1,1,1,1
1409,1,1,1,1,1,0,1,1
1410,1,1,1,1,1,1,0,1
1411,1,0,1,1,1,1,1,1
1412,1,1,1,1,1,1,1,1
1413,1,1,1,1,1,1,1,1
1414,1,1,1,1,1,1,1,1
1415,1,1,1,1,1,1,1,1
1416,1,1,1,0,1,1,1,1
1417,1,1,1,1,1,1,1,1
1418,1,1,1,1,1,1,1,1
1419,1,1,1,1,1,1,1,1
1420,1,1,1,1,1,1,1,1
1421,1,1,0,0,1,1,1,1
1422,1,1,1,1,1,0,1,1
1423,0,1,1,1,1,1,1,0
1424,0,1,1,1,1,1,1,1
1425,1,1,1,1,0,1,1,1
1426,1,1,1,1,1,1,0,1
1427,1,1,1,1,1,1,1,1
1428,1,1,1,1,1,1,1,1
1429,0,1,1,1,1,1,1,1
1430,1,0,1,1,0,1,1,1
1431,1,1,1,0,1,1,1,1
1432,1,1,1,1,1,1,1,1
1433,1,1,1,1,1,1,1,1
1434,1,1,1,1,0,1,1,1
1435,1,1,1,1,1,1,0,1
1436,1,0,1,1,1,1,1,1
1437,1,1,1,1,1,1,1,0
1438,1,0,1,0,1,1,1,1
1439,0,0,1,1,1,1,1,1
1440,1,1,1,1,1,1,1,1
1441,1,1,1,1,1,1,1,1
1442,1,1,0,1,1,0,1,1
1443,1,1,1,0,1,1,1,1
1444,1,1,1,1,1,1,1,1
1445,1,1,1,1,1,1,1,1
1446,1,0,1,0,0,1,1,1
1447,1,1,1,1,1,0,0,1
1448,1,1,1,1,1,1,1,0
1449,1,1,1,1,1,1,1,1
1450,0,1,0,1,1,1,1,1
1451,1,0,1,1,1,1,1,0
1452,1,1,1,0,1,1,1,1
1453,1,0,1,1,1,1,1,1
1454,1,1,1,1,1,1,1,1
1455,1,1,1,1,1,1,1,1
1456,1,1,1,1,1,1,1,1
1457,0,1,1,1,1,1,1,1
1458,1,1,1,1,1,1,1,1
1459,1,0,1,1,1,1,1,1
1460,1,1,0,1,1,1,1,1
1461,1,1,1,1,1,1,1,1
1462,1,1,1,1,1,1,1,1
1463,1,1,1,1,1,1,1,1
1464,1,1,1,1,1,1,1,1
1465,1,1,1,1,1,1,1,1
1466,1,1,1,1,1,1,1,1
1467,1,0,1,1,1,1,1,1
1468,1,1,1,1,1,1,1,1
1469,0,1,1,1,1,1,1,0
1470,1,0,1,1,1,1,0,1
1471,1,1,0,1,1,1,1,1
1472,1,1,1,1,1,1,1,1
1473,1,1,1,1,1,1,1,1
1474,1,1,1,1,1,1,1,1
1475,1,1,1,1,1,1,1,0
1476,1,1,1,0,1,1,1,0
1477,1,1,1,1,0,1,0,1
1478,1,1,1,1,1,1,1,1
1479,1,1,1,1,1,1,1,1
1480,1,1,1,1,1,1,1,1
1481,1,1,1,1,1,1,1,0
1482,1,1,1,1,1,1,0,1
1483,1,0,1,1,1,1,0,1
1484,1,1,1,1,1,1,0,1
1485,1,1,1,1,1,1,1,1
1486,1,0,1,1,1,1,1,1
1487,1,1,1,1,1,1,1,1
1488,1,1,1,1,1,1,1,1
1489,1,1,1,1,1,1,1,1
1490,1,1,1,1,1,1,1,1
1491,1,1,1,1,1,1,1,1
1492,1,1,1,1,1,1,1,1
1493,1,1,1,1,1,1,1,1
1494,1,1,1,1,1,1,1,0
1495,0,1,1,1,1,1,1,1
1496,0,1,1,1,1,0,0,1
1497,1,1,1,1,1,1,1,1
1498,1,0,1,1,1,1,1,1
1499,1,1,1,1,0,1,1,1
1500,1,1,1,1,1,1,1,1
1501,1,1,1,1,1,1,1,1
1502,1,1,1,1,1,1,1,1
1503,1,1,1,1,1,1,1,1
1504,1,0,1,1,0,0,1,1
1505,1,1,1,1,1,1,1,0
1506,0,1,1,1,1,1,0,1
1507,1,0,1,1,1,1,1,1
1508,1,1,1,1,1,1,1,1
1509,1,0,1,1,1,1,1,1
1510,1,1,1,1,1,1,1,1
1511,1,0,1,1,1,1,1,0
1512,1,1,1,0,1,1,0,1
1513,1,0,1,1,1,1,1,1
1514,1,1,1,1,1,1,1,1
1515,1,1,1,1,1,1,1,1
1516,1,1,1,1,0,1,0,1
1517,1,1,1,1,1,1,1,1
1518,1,1,1,1,1,1,0,1
1519,1,1,1,1,1,1,1,1
1520,1,1,1,1,1,0,1,1
1521,1,1,1,1,1,1,1,1
1522,1,1,1,1,1,1,1,1
1523,1,1,1,1,1,1,1,1
1524,1,0,1,1,1,1,1,1
1525,0,1,1,1,1,1,1,0
1526,1,1,1,1,1,1,1,1
1527,1,1,1,1,1,1,1,1
1528,1,1,1,1,1,1,1,1
1529,1,1,1,1,1,1,1,1
1530,1,1,1,1,1,1,1,1
1531,0,1,1,1,1,1,1,1
1532,1,1,1,1,1,1,1,1
1533,1,1,1,1,1,1,1,1
1534,0,1,1,1,0,1,0,1
1535,1,1,1,1,1,1,1,1
1536,1,1,1,1,1,1,0,1
1537,1,1,1,1,0,0,1,1
1538,1,1,1,1,1,1,1,1
1539,1,0,1,1,1,0,1,1
1540,1,1,1,1,1,1,0,1
1541,1,1,1,1,1,1,1,1
1542,1,1,1,1,1,1,1,1
1543,1,1,1,1,1,1,1,1
1544,1,0,1,0,1,1,1,1
1545,1,1,1,1,1,1,0,1
1546,1,0,1,1,1,1,1,1
1547,1,1,1,1,1,1,1,1
1548,1,1,1,1,1,1,1,1
1549,1,1,1,1,1,1,1,1
1550,1,1,1,1,1,1,1,1
1551,1,1,1,1,1,1,1,1
1552,0,1,1,1,1,1,1,1
1553,1,1,1,1,1,1,1,1
1554,0,1,1,1,1,1,1,1
1555,1,1,1,1,0,1,1,1
1556,1,1,1,1,1,1,1,1
1557,0,1,0,1,1,1,1,1
1558,1,1,1,0,1,1,1,1
1559,1,1,1,1,1,1,1,1
1560,1,0,1,1,1,1,1,0
1561,1,1,1,1,1,1,1,1
1562,1,1,1,1,1,1,1,1
1563,1,1,1,1,1,1,1,1
1564,0,1,1,1,1,1,1,1
1565,0,1,1,1,1,1,1,1
1566,1,1,1,1,0,1,1,1
1567,1,1,1,1,1,1,0,1
1568,1,0,1,1,1,1,1,1
1569,1,1,1,1,1,1,0,0
1570,1,1,1,1,1,1,1,1
1571,1,0,1,1,1,0,1,1
1572,0,1,1,1,1,1,1,1
1573,1,1,1,1,1,1,1,1
1574,1,1,1,1,1,1,1,1
1575,0,1,1,1,1,0,1,0
1576,0,1,1,1,1,1,0,1
1577,1,1,1,1,1,1,1,0
1578,1,1,1,1,1,1,1,1
1579,1,1,1,1,1,0,1,1
1580,1,1,1,1,1,0,1,1
1581,1,1,1,1,1,1,1,0
1582,1,1,1,1,1,1,1,1
1583,1,1,1,1,1,1,1,1
1584,1,1,1,1,1,1,1,1
1585,1,1,0,0,1,1,1,1
1586,1,1,0,1,1,1,1,1
1587,0,1,1,1,1,1,1,1
1588,0,1,1,0,1,0,1,1
1589,0,1,1,1,1,1,1,1
1590,1,1,1,1,1,1,1,1
1591,1,0,1,0,1,1,1,1
1592,1,1,1,1,1,1,1,1
1593,1,1,1,0,1,1,1,1
1594,0,1,1,1,1,1,1,1
1595,0,1,1,1,1,1,1,1
1596,1,0,1,1,1,1,1,1
1597,1,0,0,1,1,1,0,1
1598,1,1,1,1,1,1,1,1
1599,1,1,1,1,1,1,1,1
1600,1,1,1,0,1,0,1,1
1601,1,1,1,0,0,1,1,1
1602,1,1,1,1,1,1,1,1
1603,1,1,1,1,1,1,1,1
1604,1,1,1,1,0,1,1,1
1605,1,1,1,1,1,1,1,1
1606,1,1,1,1,1,1,1,1
1607,1,1,1,1,1,1,1,1
1608,1,0,1,1,1,1,1,1
1609,1,1,1,0,0,1,1,1
1610,1,1,1,1,0,1,1,1
1611,1,1,1,1,1,1,1,1
1612,1,1,1,1,1,1,1,1
1613,1,1,1,1,1,1,1,1
1614,1,1,1,1,1,1,1,1
1615,0,1,1,1,1,1,1,1
1616,1,1,1,1,1,1,0,1
1617,1,1,1,0,1,1,0,1
1618,1,1,1,1,1,1,1,1
1619,1,1,1,1,1,1,1,1
1620,0,1,1,1,1,1,1,1
1621,1,1,1,1,1,1,1,1
1622,1,1,1,1,1,1,1,1
1623,1,1,1,1,1,1,1,1
1624,1,1,1,1,1,0,1,1
1625,1,1,1,1,1,1,1,1
1626,1,1,1,0,1,1,1,1
1627,1,1,1,1,1,1,1,1
1628,1,1,1,1,1,1,1,1
1629,1,1,1,1,1,1,1,1
1630,1,1,1,1,1,1,0,1
1631,1,1,1,1,1,1,1,1
1632,1,1,1,1,1,1,1,0
1633,1,1,1,1,1,1,1,1
1634,0,1,1,1,1,1,1,1
1635,1,1,1,1,1,1,1,1
1636,1,1,1,1,0,1,1,1
1637,1,1,1,1,0,1,1,1
1638,0,1,1,1,1,1,1,1
1639,1,1,1,1,1,0,1,1
1640,0,1,1,1,1,1,1,1
1641,1,1,1,1,1,1,1,1
1642,1,1,1,1,1,1,1,1
1643,1,1,1,1,1,1,1,1
1644,1,1,1,1,1,1,1,1
1645,1,1,1,1,1,1,1,1
1646,1,1,0,1,1,1,1,1
1647,1,1,1,0,0,1,1,1
1648,1,1,1,1,1,1,1,1
1649,1,1,1,1,1,1,1,1
1650,0,1,0,0,1,1,1,1
1651,1,1,1,1,1,1,1,1
1652,1,1,1,1,1,1,1,1
1653,1,0,1,0,1,0,1,1
1654,0,1,1,1,1,1,1,1
1655,1,1,1,1,0,1,1,1
1656,1,1,1,1,1,1,0,1
1657,1,1,1,1,0,1,1,1
1658,1,1,1,1,1,1,1,1
1659,1,1,1,1,1,1,1,1
1660,1,1,1,1,1,1,1,1
1661,1,1,1,0,0,1,1,1
1662,1,1,0,0,1,1,1,1
1663,0,1,1,1,1,1,1,1
1664,1,0,1,1,1,1,1,0
1665,1,1,1,1,1,1,1,1
1666,1,1,1,0,1,1,1,1
1667,1,1,1,0,1,1,1,1
1668,1,1,1,1,1,0,1,1
1669,1,0,1,1,0,1,1,1
1670,0,1,1,0,1,1,1,1
1671,1,1,1,0,1,1,1,1
1672,1,1,1,1,1,0,1,1
1673,1,0,1,1,1,1,1,1
1674,1,1,1,1,0,1,0,1
1675,1,1,1,1,1,1,1,1
1676,1,1,1,1,1,1,1,1
1677,1,1,1,1,1,1,1,1
1678,1,1,1,1,1,1,1,0
1679,1,1,1,1,1,0,1,1
1680,1,1,1,1,1,1,1,1
1681,1,1,1,1,1,1,1,1
1682,0,1,1,1,1,0,1,1
1683,1,1,1,1,1,1,1,1
1684,1,1,1,0,1,0,1,1
1685,1,1,1,1,1,1,1,1
1686,1,1,1,1,1,1,1,1
1687,1,1,1,1,1,1,1,1
1688,1,1,1,1,0,1,1,1
1689,1,0,0,1,1,1,1,1
1690,1,1,1,0,1,1,1,1
1691,1,0,1,1,1,1,1,1
1692,1,1,1,1,0,1,1,0
1693,1,1,1,0,1,1,1,1
1694,1,1,1,1,1,1,1,1
1695,1,1,1,1,1,1,1,1
1696,1,1,1,1,1,1,1,1
1697,1,1,1,1,0,1,1,1
1698,1,1,1,1,1,1,1,1
1699,1,0,1,0,1,1,1,1
1700,1,1,1,1,1,1,1,1
1701,1,1,0,1,1,1,1,1
1702,1,1,1,1,1,1,1,1
1703,1,1,1,0,1,1,1,1
1704,1,1,1,1,1,1,1,1
1705,1,1,1,0,1,1,1,1
1706,0,1,1,1,0,1,1,1
1707,1,1,0,0,1,1,1,1
1708,1,1,1,0,0,1,1,1
1709,1,1,1,1,1,1,1,1
1710,1,1,1,1,1,1,1,1
1711,1,1,1,1,1,1,1,1
1712,1,1,0,1,1,0,1,1
1713,1,1,1,0,1,1,1,1
1714,1,1,1,1,1,1,1,1
1715,1,1,1,1,1,1,1,0
1716,0,1,1,1,0,1,1,1
1717,1,1,1,1,1,1,1,1
1718,0,1,1,1,1,1,1,1
1719,1,1,1,0,1,1,1,1
1720,1,1,1,1,1,1,1,1
1721,1,1,1,1,1,1,1,1
1722,1,1,1,1,1,1,0,1
1723,1,1,1,1,1,1,1,1
1724,1,1,1,1,1,1,0,1
1725,1,1,1,1,1,1,1,1
1726,0,0,1,1,1,1,1,1
1727,1,1,1,1,1,1,1,1
1728,0,0,1,1,1,1,1,1
1729,0,1,1,1,1,1,1,1
1730,1,1,1,1,1,1,0,0
1731,1,0,1,1,1,0,1,1
1732,1,1,1,1,1,1,1,1
1733,0,1,1,1,1,1,1,1
1734,0,1,1,1,1,1,1,1
1735,1,1,1,1,1,1,1,1
1736,1,1,1,1,1,1,1,1
1737,1,0,1,0,1,1,1,1
1738,1,1,1,1,1,0,1,1
1739,1,1,1,1,1,1,1,1
1740,1,1,1,1,1,1,1,1
1741,1,1,1,1,1,1,1,1
1742,1,1,1,1,1,1,1,1
1743,1,1,1,1,0,1,1,1
1744,1,1,1,1,1,1,1,1
1745,1,1,1,1,1,1,1,1
1746,1,1,1,1,1,1,1,1
1747,1,0,1,1,1,1,1,1
1748,1,1,0,1,1,1,0,1
1749,1,1,1,1,1,1,1,1
1750,1,1,1,1,1,1,1,1
1751,1,0,1,1,1,1,1,1
1752,1,1,1,1,1,1,1,1
1753,1,1,1,1,1,1,1,1
1754,1,1,1,1,0,1,1,1
1755,1,1,1,1,1,1,1,1
1756,1,0,1,0,1,1,1,1
1757,1,1,1,1,1,0,1,1
1758,1,1,0,1,1,1,0,0
1759,1,1,1,1,1,1,1,1
1760,1,1,1,1,1,1,0,1
1761,0,1,1,1,1,1,1,1
1762,1,1,1,1,1,1,1,0
1763,1,1,1,1,1,0,1,1
1764,1,1,1,1,1,1,1,1
1765,1,1,1,1,1,1,1,1
1766,1,1,1,1,1,1,1,1
1767,1,1,1,1,0,1,1,1
1768,1,1,1,1,1,1,1,1
1769,1,1,1,1,1,1,1,1
1770,1,1,1,1,1,1,0,1
1771,0,1,1,1,1,1,1,1
1772,1,1,1,1,1,1,0,1
1773,0,1,1,1,1,1,1,1
1774,1,1,0,1,1,1,1,1
1775,0,1,1,1,1,1,1,1
1776,1,1,1,1,1,1,1,0
1777,1,1,1,1,1,1,1,1
1778,1,1,1,1,1,1,1,0
1779,1,1,1,1,1,1,1,1
1780,1,0,1,1,1,1,1,0
1781,1,1,1,1,1,1,1,1
1782,1,1,1,1,1,1,1,1
1783,1,1,1,1,1,1,1,1
1784,1,1,1,1,1,1,1,1
1785,1,1,1,1,1,0,1,1
1786,1,1,1,0,1,1,1,1
1787,1,1,1,1,1,1,1,1
1788,1,1,1,1,0,1,1,1
1789,0,1,1,1,1,1,1,1
1790,0,1,1,1,1,1,1,1
1791,0,1,1,1,1,1,1,1
1792,1,1,1,1,1,1,1,1
1793,1,1,1,1,1,0,1,1
1794,1,1,1,1,1,1,1,1
1795,1,1,1,1,1,1,0,0
1796,1,1,1,1,1,1,1,1
1797,0,1,1,1,1,1,1,1
1798,1,1,1,1,1,1,1,1
1799,1,1,1,0,1,1,1,1
1800,0,1,0,1,1,1,1,1
1801,1,1,1,1,1,1,1,1
1802,1,1,1,1,1,1,1,0
1803,1,1,1,1,0,1,1,1
1804,0,1,0,1,1,1,1,1
1805,1,1,1,1,1,0,1,1
1806,1,1,1,1,1,1,1,1
1807,1,0,1,1,1,1,0,1
1808,1,1,1,0,1,1,1,1
1809,1,1,1,1,1,1,1,1
1810,1,1,1,1,1,1,1,1
1811,1,1,1,1,1,1,1,1
1812,0,1,1,1,1,1,0,1
1813,1,1,1,1,1,1,1,1
1814,1,1,1,1,1,1,1,0
1815,1,1,1,1,1,0,0,1
1816,1,1,1,1,1,1,1,1
1817,1,1,1,1,1,1,1,1
1818,1,1,1,1,1,1,1,1
1819,1,1,1,1,1,1,1,0
1820,1,1,1,0,0,0,1,1
1821,1,0,1,1,1,1,0,1
1822,1,1,1,1,1,1,1,0
1823,0,1,1,1,1,1,1,1
1824,1,1,1,1,1,1,0,1
1825,1,1,1,0,0,1,1,0
1826,1,1,1,1,1,1,1,1
1827,1,1,1,1,1,1,1,1
1828,1,1,1,1,1,0,1,1
1829,1,1,1,1,1,1,1,0
1830,1,1,1,1,1,1,1,1
1831,1,1,1,0,1,1,1,1
1832,1,1,1,1,1,1,1,1
1833,1,1,1,1,1,1,1,1
1834,1,1,1,1,1,1,1,1
1835,1,1,1,1,1,1,1,1
1836,1,1,1,1,1,1,1,1
1837,1,1,1,1,0,1,1,1
1838,1,1,1,1,1,1,1,1
1839,1,1,1,1,0,1,1,1
1840,1,1,1,1,1,1,1,1
1841,1,1,1,0,1,1,1,1
1842,0,1,1,1,1,1,1,1
1843,1,0,1,1,1,1,1,1
1844,1,1,1,1,1,0,1,1
1845,1,1,1,1,1,1,1,1
1846,0,1,1,1,1,1,1,1
1847,1,1,1,1,1,1,1,1
1848,1,1,1,1,1,1,1,1
1849,1,0,1,1,1,1,1,1
1850,1,1,1,1,1,1,1,0
1851,1,1,1,1,1,1,1,1
1852,1,1,1,1,1,1,1,1
1853,1,1,1,1,1,1,1,1
1854,0,1,1,1,1,1,1,1
1855,1,1,1,1,1,1,1,1
1856,1,1,1,1,1,1,1,1
1857,1,1,1,1,1,1,1,1
1858,1,1,1,1,1,1,1,1
1859,1,1,1,1,1,1,0,1
1860,1,1,1,1,1,1,1,1
1861,1,1,1,1,1,1,1,1
1862,1,1,1,1,1,1,1,1
1863,1,1,1,1,1,1,0,0
1864,1,1,1,1,1,1,1,1
1865,0,1,1,1,1,1,0,1
1866,1,1,0,1,1,1,0,1
1867,1,1,1,1,1,1,1,1
1868,1,1,1,1,1,1,1,1
1869,1,1,1,1,1,0,1,1
1870,1,1,1,1,1,1,1,1
1871,1,1,1,1,1,1,1,1
1872,1,0,1,1,1,1,1,1
1873,1,1,1,1,1,1,1,1
1874,1,1,1,1,1,0,1,1
1875,1,1,1,0,1,0,1,1
1876,1,1,1,1,1,1,1,1
1877,1,1,1,1,1,1,1,0
1878,1,1,1,1,1,1,1,1
1879,1,0,1,1,1,1,1,1
1880,1,1,1,1,1,1,1,1
1881,0,1,1,1,1,1,1,1
1882,1,0,1,1,1,0,0,1
1883,1,1,1,1,1,1,1,1
1884,1,0,1,1,1,0,1,1
1885,1,0,1,1,1,1,1,1
1886,1,1,0,0,1,1,1,1
1887,1,1,1,1,1,1,1,1
1888,1,1,1,1,1,1,1,1
1889,0,1,1,1,1,1,1,1
1890,1,1,0,1,1,1,1,1
1891,1,1,1,1,0,1,1,1
1892,1,1,1,0,1,1,0,1
1893,1,1,1,1,1,1,1,1
1894,1,1,1,1,1,1,1,0
1895,1,1,1,1,1,1,1,1
1896,1,0,1,1,1,1,0,1
1897,1,1,1,1,1,1,1,1
1898,0,1,1,1,1,1,1,1
1899,1,1,1,1,1,1,1,0
1900,1,1,1,1,1,1,0,1
1901,1,0,1,1,1,1,1,1
1902,1,1,1,1,1,1,0,1
1903,1,1,1,1,1,1,1,1
1904,1,1,1,1,1,1,1,1
1905,1,1,1,1,1,1,1,1
1906,1,0,1,1,1,1,1,1
1907,1,1,1,1,1,0,1,1
1908,1,1,1,1,1,1,1,1
1909,1,1,0,1,0,1,1,1
1910,1,0,1,1,1,1,1,1
1911,0,0,1,0,1,1,1,1
1912,1,1,1,1,1,1,0,1
1913,1,1,1,1,1,1,1,1
1914,1,0,0,1,1,1,1,1
1915,1,1,1,1,0,1,1,1
1916,1,1,1,1,1,1,1,1
1917,1,1,1,1,1,1,1,1
1918,1,1,1,1,1,1,0,1
1919,1,1,1,1,1,1,1,1
1920,1,1,1,1,1,1,1,1
1921,1,1,1,1,1,1,1,1
1922,1,1,1,1,1,0,1,1
1923,1,0,0,1,1,1,0,1
1924,1,1,1,1,1,0,1,1
1925,1,0,0,1,0,1,1,0
1926,1,1,1,1,1,1,1,1
1927,1,1,1,1,1,1,1,1
1928,1,1,1,0,1,1,1,1
1929,1,1,1,1,1,1,1,1
1930,0,0,1,1,1,1,1,1
1931,1,1,1,1,1,1,1,1
1932,1,1,1,1,1,1,1,1
1933,1,1,1,0,0,1,1,1
1934,1,1,1,1,1,1,1,1
1935,0,0,1,1,1,1,1,1
1936,1,0,1,1,1,1,1,1
1937,1,1,1,1,1,1,1,1
1938,1,1,1,1,1,1,1,1
1939,1,1,1,1,1,1,1,1
1940,1,1,1,1,1,1,1,1
1941,1,1,1,1,1,1,1,1
1942,1,1,1,1,1,1,0,0
1943,1,1,1,1,1,1,1,1
1944,1,1,1,1,1,1,1,1
1945,1,1,1,1,1,1,1,1
1946,1,1,1,1,1,1,1,1
1947,0,1,1,1,1,1,1,1
1948,1,1,1,1,1,1,1,1
1949,1,1,1,0,1,1,1,1
1950,1,1,1,1,1,1,1,1
1951,1,1,1,1,1,1,1,1
1952,1,1,1,1,1,1,1,1
1953,1,1,1,1,1,0,1,1
1954,1,1,0,1,1,1,1,1
1955,1,1,1,1,1,1,1,1
1956,1,1,1,1,1,1,1,1
1957,1,1,1,1,1,1,1,1
1958,1,1,1,1,1,1,1,1
1959,1,1,1,0,1,1,1,1
1960,1,1,1,0,1,1,1,1
1961,1,1,1,1,1,1,1,1
1962,0,0,1,1,1,1,1,1
1963,1,1,1,1,1,1,1,1
1964,1,0,1,1,0,1,0,1
1965,1,1,1,1,1,1,1,1
1966,1,1,1,1,1,1,1,1
1967,0,1,1,1,1,1,1,1
1968,1,0,1,0,1,1,1,1
1969,1,1,1,1,1,1,1,0
1970,1,1,1,1,1,1,1,1
1971,1,1,1,0,1,1,1,1
1972,1,1,1,1,1,1,1,1
1973,1,1,1,1,1,1,1,1
1974,1,1,1,1,1,1,1,1
1975,0,1,1,1,1,0,1,1
1976,1,1,1,1,1,1,1,1
1977,0,1,1,1,0,1,1,0
1978,0,1,1,1,1,1,1,1
1979,1,1,1,1,1,1,1,0
1980,1,1,1,1,0,1,1,1
1981,1,1,1,1,1,1,1,1
1982,1,1,0,0,1,1,1,1
1983,1,1,1,0,1,1,1,1
1984,1,1,1,1,1,1,1,1
1985,1,1,1,1,1,1,1,1
1986,1,1,1,1,1,0,1,1
1987,1,1,1,1,0,1,1,1
1988,1,1,1,1,1,0,1,1
1989,0,1,1,0,1,1,1,1
1990,1,1,1,1,1,0,1,1
1991,1,1,0,0,1,1,1,1
1992,1,1,1,1,1,1,1,1
1993,1,1,0,1,1,1,1,1
1994,1,1,1,1,1,1,1,1
1995,1,0,1,1,1,1,1,0
1996,1,1,1,1,1,1,1,1
1997,1,0,1,1,1,0,1,0
1998,1,1,1,1,1,1,1,1
1999,1,1,1,1,1,1,1,1
2000,1,0,1,1,1,1,1,1
2001,1,0,1,1,1,1,1,0
2002,0,0,1,1,1,1,1,1
2003,1,1,1,1,1,1,1,1
2004,1,1,1,1,1,1,1,1
2005,0,1,1,1,1,1,0,1
2006,1,1,1,0,1,1,1,0
2007,1,1,1,1,1,1,1,1
2008,1,1,1,0,1,1,1,1
2009,1,1,1,0,0,1,1,1
2010,1,1,1,1,1,1,1,1
2011,1,1,1,1,1,0,1,1
2012,1,1,1,1,1,1,0,1
2013,1,1,1,1,1,1,1,1
2014,1,1,1,1,1,1,0,1
2015,1,1,1,1,1,1,1,1
2016,1,1,1,1,0,1,1,1
2017,1,1,1,1,1,1,1,1
2018,1,1,0,1,1,0,1,1
2019,1,1,1,1,0,1,1,0
2020,1,1,1,1,1,1,0,1
2021,1,1,1,1,1,1,1,1
2022,1,1,1,1,1,1,1,1
2023,1,1,1,1,1,1,1,1
2024,1,1,1,1,1,1,1,1
2025,1,1,1,1,1,1,1,1
2026,1,1,1,1,1,1,1,1
2027,1,1,1,1,1,1,1,1
2028,1,1,1,1,1,1,1,1
2029,1,1,1,1,1,0,1,1
2030,1,1,1,1,1,1,1,1
2031,0,0,0,1,1,1,1,1
2032,1,1,1,0,1,1,1,1
2033,1,1,1,1,1,1,1,1
2034,1,1,1,1,1,1,1,1
2035,1,1,1,1,1,1,1,1
2036,0,1,1,1,1,1,1,1
2037,1,1,1,1,1,1,1,1
2038,1,1,1,1,1,1,1,1
2039,1,1,1,1,1,0,1,1
2040,1,1,1,1,1,0,1,0
2041,1,1,1,1,1,1,1,1
2042,1,1,1,0,1,1,1,1
2043,1,0,1,1,1,1,1,1
2044,1,1,1,1,1,1,1,1
2045,1,1,1,1,0,1,0,1
2046,1,1,1,1,1,0,1,1
2047,1,1,1,1,1,1,1,1
2048,1,1,1,1,1,1,1,0
2049,1,1,1,1,1,1,1,1
2050,1,1,1,1,1,1,1,1
2051,1,1,1,1,1,1,1,1
2052,1,1,1,1,1,1,1,1
2053,0,1,1,1,1,1,1,1
2054,1,1,1,1,1,1,1,1
2055,0,0,1,1,1,1,1,1
2056,1,1,0,1,1,1,1,1
2057,1,1,1,0,1,0,0,1
2058,1,1,1,1,1,1,0,0
2059,1,1,1,1,1,1,1,1
2060,0,1,1,1,1,1,1,1
2061,1,1,1,1,1,1,1,1
2062,1,1,1,1,1,1,1,1
2063,1,1,1,1,1,1,1,1
2064,1,1,1,1,1,1,1,1
2065,1,1,1,1,1,1,1,1
2066,0,1,1,1,1,1,1,1
2067,0,0,1,1,1,1,1,1
2068,1,1,1,1,1,1,1,1
2069,0,1,1,1,0,0,1,1
2070,1,1,1,1,1,1,1,1
2071,1,1,1,1,1,1,1,1
2072,0,1,0,0,1,1,1,1
2073,1,1,1,1,1,1,0,1
2074,1,1,1,1,0,1,1,1
2075,1,0,1,1,1,1,1,1
2076,1,0,1,0,1,1,1,1
2077,1,1,1,1,1,1,0,1
2078,1,1,1,1,1,1,1,1
2079,1,1,1,1,1,1,1,1
2080,0,1,0,1,1,1,1,1
2081,1,1,1,1,1,1,1,1
2082,1,1,1,1,1,1,1,1
2083,0,1,1,1,1,1,1,1
2084,1,1,1,1,0,1,1,1
2085,1,1,1,0,1,1,1,1
2086,1,1,1,1,1,1,1,1
2087,1,1,1,1,1,1,1,1
2088,1,1,1,1,1,1,1,1
2089,1,1,1,1,1,1,1,0
2090,0,1,1,1,1,1,1,1
2091,1,1,1,1,1,1,1,1
2092,0,1,1,1,1,1,1,1
2093,0,1,0,0,1,1,1,1
2094,0,1,1,1,1,1,1,0
2095,1,0,1,0,1,1,1,1
2096,1,1,1,1,1,1,0,1
2097,1,1,1,1,1,0,1,1
2098,1,1,1,1,1,1,1,0
2099,1,1,1,1,1,1,0,1
2100,1,0,1,0,1,1,1,1
2101,1,0,1,1,1,1,1,0
2102,1,1,1,1,1,1,0,1
2103,1,1,0,1,1,1,1,1
2104,1,1,1,1,1,1,1,1
2105,1,1,1,1,1,1,1,1
2106,1,1,1,1,1,1,1,1
2107,1,1,0,1,1,1,1,1
2108,1,1,1,1,1,1,1,1
2109,1,1,1,1,1,1,1,1
2110,1,1,1,1,1,1,1,1
2111,0,1,1,1,1,0,1,0
2112,1,1,1,1,1,1,1,1
2113,1,1,1,1,1,1,1,1
2114,1,1,1,1,1,1,1,1
2115,1,1,1,1,1,1,1,1
2116,0,1,1,1,1,1,1,1
2117,1,1,1,1,1,1,1,1
2118,1,1,1,1,1,1,1,1
2119,1,0,1,1,1,1,0,1
2120,0,1,1,1,1,1,1,1
2121,1,1,1,1,1,1,1,1
2122,1,1,1,1,1,1,1,1
2123,1,1,1,1,1,1,1,1
2124,1,1,1,1,1,1,1,1
2125,1,0,1,0,1,1,1,0
2126,1,1,1,1,1,1,1,1
2127,1,1,1,1,0,1,1,1
2128,1,1,1,1,1,1,1,1
2129,0,1,1,1,1,1,1,1
2130,1,1,1,1,1,1,1,1
2131,1,1,1,1,1,1,1,0
2132,1,1,1,1,1,1,1,1
2133,1,1,0,1,1,1,1,1
2134,1,1,1,1,1,1,0,1
2135,1,1,1,0,1,1,1,1
2136,0,1,1,1,1,1,1,1
2137,1,1,1,1,0,1,1,0
2138,1,1,1,1,1,1,1,1
2139,1,1,1,1,1,1,1,0
2140,1,1,1,1,0,1,1,1
2141,1,1,1,1,1,1,1,1
2142,1,1,1,1,1,0,1,1
2143,1,1,0,1,1,0,0,1
2144,1,1,1,0,1,1,1,1
2145,1,1,1,1,1,1,1,1
2146,1,0,1,1,1,1,1,0
2147,1,1,1,0,1,1,1,1
2148,0,1,1,1,1,1,1,1
2149,1,1,1,0,1,1,1,1
2150,1,1,1,1,1,1,1,1
2151,1,1,1,1,1,1,1,1
2152,0,1,1,1,1,0,0,1
2153,1,1,1,1,1,1,1,1
2154,1,1,1,1,1,1,0,1
2155,0,1,0,1,0,1,0,1
2156,1,1,1,1,1,1,1,1
2157,1,1,0,1,0,1,1,1
2158,0,1,1,1,1,1,1,1
2159,1,1,1,1,1,0,1,1
2160,1,1,1,1,1,1,1,1
2161,1,0,1,1,1,1,1,1
2162,1,0,1,1,1,1,1,1
2163,1,1,1,1,1,1,1,1
2164,1,1,1,1,1,1,1,1
2165,1,1,1,1,1,1,1,0
2166,1,0,1,1,1,1,1,1
2167,1,1,0,1,1,1,1,1
2168,1,1,1,1,1,1,1,1
2169,1,1,1,1,1,0,1,1
2170,0,1,1,1,1,1,1,1
2171,1,1,1,1,0,1,1,1
2172,1,1,1,1,1,1,1,1
2173,1,1,1,1,1,1,1,0
2174,1,1,1,1,1,0,1,0
2175,1,1,1,0,1,1,1,1
2176,1,0,1,1,1,1,1,1
2177,1,1,1,1,1,1,1,1
2178,1,1,1,1,1,1,1,1
2179,1,1,1,1,1,1,1,1
2180,1,1,1,0,0,1,1,1
2181,1,1,1,1,1,1,1,1
2182,1,1,1,1,1,1,1,0
2183,1,1,1,1,1,1,1,1
2184,1,1,1,1,1,1,1,1
2185,1,1,1,1,1,0,1,1
2186,1,1,1,1,1,1,0,1
2187,1,1,1,1,1,1,1,1
2188,1,1,1,0,1,1,1,1
2189,1,0,1,1,0,1,1,1
2190,1,1,1,1,1,1,1,1
2191,1,1,1,1,1,1,1,1
2192,1,1,1,1,1,1,1,1
2193,1,1,1,1,1,1,1,1
2194,1,1,1,1,1,1,1,1
2195,1,0,1,1,1,0,1,1
2196,1,1,1,1,1,1,1,1
2197,1,0,1,1,1,1,1,1
2198,1,1,1,1,1,1,1,1
2199,1,1,1,1,1,1,1,1
2200,1,1,1,1,1,1,1,1
2201,1,1,1,1,1,1,1,1
2202,1,1,1,1,1,1,1,0
2203,1,1,0,1,1,1,1,1
2204,1,1,1,1,1,1,1,1
2205,1,1,1,1,0,1,1,1
2206,1,1,1,1,1,1,1,1
2207,1,0,1,1,1,1,1,1
2208,1,1,1,0,1,1,1,1
2209,1,1,1,1,1,1,1,1
2210,1,1,1,1,1,1,1,1
2211,1,1,1,1,1,1,1,1
2212,1,1,1,1,1,1,1,1
2213,1,1,1,1,1,1,1,1
2214,1,1,1,1,1,1,1,0
2215,1,1,1,1,1,1,1,1
2216,1,0,1,1,1,1,0,1
2217,1,1,1,1,1,1,1,1
2218,1,1,1,0,1,1,1,1
2219,1,0,1,1,1,1,1,0
2220,1,1,1,1,1,1,1,1
2221,1,1,1,0,1,0,1,1
2222,1,1,1,0,1,1,0,0
2223,1,1,1,1,1,1,0,1
2224,1,1,0,1,1,0,1,1
2225,1,1,1,0,1,1,1,1
2226,1,1,1,1,1,1,0,1
2227,0,1,1,1,1,1,1,1
2228,1,1,1,1,1,1,1,1
2229,1,1,1,1,1,0,1,1
2230,1,1,1,1,1,1,1,1
2231,0,1,1,0,1,0,1,1
2232,1,1,1,1,1,1,1,1
2233,1,1,1,1,1,1,1,1
2234,1,1,1,1,1,1,1,1
2235,1,1,1,1,0,0,1,1
2236,1,1,1,1,0,1,1,1
2237,0,1,1,1,0,1,1,1
2238,1,1,1,0,1,1,0,1
2239,1,1,1,1,1,1,1,1
2240,1,1,1,1,1,1,1,1
2241,1,1,1,1,1,1,1,0
2242,1,1,1,1,1,1,1,1
2243,1,0,1,1,1,1,1,1
2244,1,1,1,1,0,1,1,1
2245,1,1,1,1,1,1,1,1
2246,1,1,1,1,1,1,0,0
2247,1,1,0,1,1,1,1,1
2248,1,1,1,1,1,1,1,1
2249,1,1,1,1,1,1,1,1
2250,1,0,1,1,1,1,1,0
2251,1,1,0,1,1,1,1,1
2252,1,1,1,1,1,1,1,0
2253,1,1,1,1,1,1,1,0
2254,1,1,1,1,1,1,0,0
2255,1,1,0,1,1,1,1,1
2256,1,1,1,1,1,0,1,1
2257,1,1,1,1,0,1,1,1
2258,0,1,0,0,0,1,1,1
2259,1,1,1,1,1,1,1,0
2260,1,1,1,1,1,1,1,1
2261,1,1,1,1,1,1,1,1
2262,1,1,1,1,0,1,1,1
2263,1,1,1,1,1,1,1,1
2264,1,1,1,1,1,1,1,1
2265,1,1,1,1,1,1,1,1
2266,0,0,1,1,1,1,0,1
2267,1,1,1,1,1,1,1,1
2268,1,1,0,1,1,1,1,1
2269,1,1,1,1,1,1,1,1
2270,1,1,1,1,1,1,1,1
2271,1,0,1,0,1,1,1,1
2272,0,1,1,1,1,1,1,1
2273,1,1,1,1,1,1,1,1
2274,0,1,1,1,1,1,1,0
2275,0,1,0,0,0,1,1,1
2276,0,0,1,1,1,1,1,1
2277,1,1,1,0,1,1,1,1
2278,1,1,1,1,1,0,1,1
2279,0,1,1,1,1,1,1,1
2280,1,1,0,0,1,1,1,1
2281,1,1,1,1,1,1,1,1
2282,1,1,1,1,1,1,1,0
2283,1,1,1,1,0,1,1,1
2284,1,1,1,1,1,1,1,1
2285,1,1,1,1,1,1,1,0
2286,1,1,1,1,0,1,1,1
2287,1,1,1,1,1,1,1,1
2288,0,0,1,1,1,1,1,1
2289,1,1,1,1,1,1,0,1
2290,1,1,1,1,1,1,0,1
2291,1,1,1,1,0,0,1,1
2292,0,1,0,1,1,1,1,1
2293,1,1,1,1,1,1,1,0
2294,1,0,1,1,1,1,1,1
2295,0,1,1,1,1,1,1,1
2296,1,0,1,1,1,1,1,1
2297,1,1,1,1,0,1,1,1
2298,1,1,1,1,1,1,1,1
2299,0,1,0,1,1,1,1,1
2300,1,1,1,1,1,1,1,0
2301,1,1,1,1,1,0,1,1
2302,1,1,1,0,1,1,1,1
2303,1,1,1,1,1,1,1,0
2304,1,1,1,1,1,1,1,1
2305,1,1,1,1,1,1,1,1
2306,1,1,0,0,1,1,1,1
2307,1,1,1,1,1,1,1,1
2308,1,1,1,1,1,1,1,1
2309,1,1,1,1,1,1,1,1
2310,0,1,0,1,1,1,1,1
2311,1,1,1,1,1,1,1,1
2312,1,1,1,1,1,1,1,1
2313,1,0,1,1,1,1,1,1
2314,0,1,1,1,1,1,1,1
2315,1,0,1,1,0,1,1,1
2316,1,1,1,1,1,0,1,1
2317,1,1,1,1,1,1,1,1
2318,1,1,1,1,1,1,1,1
2319,0,1,1,1,1,1,1,1
2320,0,1,1,1,1,1,1,1
2321,0,1,0,0,1,0,1,1
2322,1,1,1,1,1,1,1,0
2323,1,1,1,1,1,1,1,1
2324,1,1,1,1,1,1,1,1
2325,1,1,1,1,1,1,1,1
2326,1,1,1,1,1,1,1,1
2327,1,1,1,1,1,1,1,1
2328,1,1,1,1,1,1,1,1
2329,1,1,1,1,1,1,1,0
2330,0,1,1,1,1,1,1,1
2331,1,1,1,1,1,1,1,1
2332,1,0,1,0,0,1,1,1
2333,1,1,1,1,1,1,1,1
2334,1,1,1,1,1,0,1,0
2335,0,1,1,1,1,1,1,1
2336,1,1,1,1,1,1,1,1
2337,1,1,1,1,1,1,1,1
2338,1,1,1,1,0,1,1,1
2339,1,1,1,1,1,1,1,1
2340,1,1,1,1,0,1,1,1
2341,1,1,1,1,1,1,1,0
2342,1,1,1,1,1,1,1,1
2343,1,1,1,1,1,1,1,1
2344,0,0,1,1,1,1,1,1
2345,1,1,1,0,1,1,1,1
2346,1,0,1,1,1,1,1,0
2347,0,1,1,1,1,1,1,1
2348,1,1,1,1,1,1,1,1
2349,1,1,1,1,1,0,1,1
2350,1,1,1,1,1,1,1,1
2351,1,1,1,1,1,1,1,1
2352,1,1,1,1,1,1,1,1
2353,1,1,1,1,1,1,1,1
2354,1,1,1,1,1,1,0,1
2355,1,1,1,1,1,1,0,1
2356,1,1,1,1,1,1,1,1
2357,1,1,1,1,1,1,1,1
2358,1,1,1,1,1,0,1,1
2359,1,0,0,1,1,1,1,1
2360,1,1,1,1,1,1,0,1
2361,1,1,1,1,1,1,1,1
2362,1,1,1,1,1,1,1,1
2363,1,1,1,0,1,1,1,1
2364,1,1,1,1,0,1,1,1
2365,1,1,1,1,1,1,1,0
2366,1,1,1,0,1,0,1,1
2367,1,1,1,1,1,1,1,1
2368,1,1,1,1,1,1,1,0
2369,1,1,0,1,1,1,1,0
2370,1,1,1,1,1,1,1,1
2371,1,1,1,1,1,1,1,1
2372,1,1,1,1,1,1,1,1
2373,1,1,1,1,1,1,1,1
2374,1,1,1,1,0,1,1,1
2375,1,1,1,1,1,1,1,1
2376,1,1,0,1,1,0,1,1
2377,0,1,1,1,1,1,1,1
2378,1,1,1,1,1,1,0,1
2379,1,1,1,1,0,1,1,1
2380,1,1,1,1,0,1,1,1
2381,1,1,1,1,0,1,1,1
2382,0,1,1,1,1,0,1,1
2383,1,0,0,0,1,1,1,0
2384,1,1,1,1,1,1,0,1
2385,1,1,1,1,1,1,1,1
2386,1,1,1,1,1,1,1,1
2387,1,1,1,1,1,1,1,1
2388,1,1,1,1,1,1,1,1
2389,1,0,0,1,1,1,1,1
2390,1,0,1,1,1,1,1,1
2391,1,1,1,1,1,1,1,1
2392,1,0,1,1,1,1,1,1
2393,1,1,1,1,1,1,1,1
2394,1,1,1,1,1,1,1,0
2395,1,1,1,1,1,0,1,1
2396,0,1,1,0,1,1,1,1
2397,1,1,1,0,1,1,1,1
2398,1,1,1,1,1,1,1,1
2399,1,1,1,1,1,1,1,1
2400,1,1,1,1,1,1,1,1
2401,1,1,0,1,1,1,1,0
2402,1,1,1,1,1,1,1,1
2403,1,1,1,1,1,1,1,1
2404,1,1,0,0,1,1,1,1
2405,1,1,1,1,1,1,1,1
2406,0,1,1,1,1,1,1,0
2407,1,1,1,1,0,1,1,1
2408,1,0,1,1,1,1,1,1
2409,1,1,1,1,1,1,0,1
2410,1,0,1,1,1,1,1,1
2411,0,1,1,1,1,1,1,1
2412,1,1,1,1,1,1,1,1
2413,1,1,1,1,1,1,1,0
2414,1,1,1,1,1,1,1,1
2415,1,1,0,1,0,1,1,1
2416,0,1,0,1,1,0,1,1
2417,1,1,1,1,1,1,1,1
2418,1,1,1,1,1,1,0,0
2419,1,1,1,1,0,1,1,1
2420,1,1,1,1,1,1,1,1
2421,1,1,1,1,0,0,1,1
2422,1,1,1,1,1,1,1,1
2423,1,0,1,1,1,1,1,1
2424,0,1,1,1,0,0,1,1
2425,1,1,1,0,1,1,1,1
2426,1,1,1,1,1,1,1,1
2427,1,1,1,1,1,1,1,1
2428,1,1,1,1,1,1,1,1
2429,1,1,1,1,1,1,1,1
2430,1,1,1,1,1,1,1,1
2431,1,1,1,1,1,1,1,1
2432,1,1,0,1,1,1,1,1
2433,0,1,1,0,1,1,1,1
2434,1,1,1,1,1,1,0,1
2435,0,1,1,1,1,1,1,1
2436,1,0,1,1,1,1,0,1
2437,1,1,1,1,1,1,0,1
2438,0,1,1,1,1,1,1,1
2439,1,1,1,1,1,0,1,1
2440,1,1,1,1,1,1,1,1
2441,1,1,1,1,1,1,1,1
2442,1,1,1,1,1,1,1,1
2443,1,1,1,1,1,1,1,1
2444,1,1,1,1,1,1,1,1
2445,1,1,0,1,1,1,1,1
2446,1,1,1,1,1,0,0,1
2447,0,1,1,1,1,1,1,1
2448,1,1,1,1,1,1,1,0
2449,1,1,1,0,1,1,1,1
2450,1,0,1,1,1,1,1,1
2451,1,0,1,1,1,1,1,1
2452,1,1,1,1,1,1,1,1
2453,1,1,1,1,1,0,0,0
2454,1,1,1,1,1,1,1,1
2455,1,1,1,0,1,1,1,1
2456,1,1,1,1,1,1,1,1
2457,1,1,1,1,1,1,1,1
2458,1,1,1,1,1,1,1,1
2459,1,1,1,1,1,1,1,1
2460,1,1,0,1,0,1,0,1
2461,1,1,1,1,0,1,1,1
2462,0,1,1,0,1,1,1,1
2463,1,1,1,1,1,1,1,0
2464,1,1,1,0,1,0,1,1
2465,1,1,1,0,1,1,1,1
2466,1,1,1,1,0,1,1,1
2467,0,1,1,0,1,0,1,1
2468,1,1,1,1,1,0,1,1
2469,1,1,1,1,1,1,1,1
2470,1,1,1,1,1,1,1,1
2471,1,1,1,1,1,1,1,1
2472,1,0,1,1,1,1,1,1
2473,1,1,1,1,1,1,1,1
2474,1,1,1,1,1,1,1,1
2475,1,1,1,1,1,1,1,1
2476,1,1,1,1,1,1,1,1
2477,1,1,1,1,1,1,1,1
2478,1,1,1,1,1,1,1,1
2479,1,1,1,1,1,1,1,0
2480,1,1,1,1,1,1,1,1
2481,0,0,1,1,1,1,1,1
2482,1,1,1,1,1,1,1,1
2483,1,1,1,1,1,1,1,1
2484,1,1,1,1,1,1,0,1
2485,1,1,1,1,1,1,0,1
2486,0,0,1,1,1,1,1,1
2487,1,1,1,1,1,1,1,1
2488,1,1,1,1,1,1,1,1
2489,0,1,1,1,1,1,1,1
2490,0,1,1,0,1,1,1,1
2491,1,1,1,1,0,1,1,1
2492,1,1,0,0,1,1,1,1
2493,1,1,1,1,1,1,0,1
2494,1,1,1,1,1,1,1,1
2495,1,1,1,1,1,1,1,1
2496,1,0,1,1,1,1,1,1
2497,0,1,1,1,1,1,1,1
2498,1,1,1,1,1,0,1,1
2499,1,1,1,1,1,0,1,0
2500,1,0,1,1,1,1,1,1
2501,1,0,1,1,1,1,1,1
2502,1,0,1,1,1,1,1,1
2503,0,1,1,1,1,1,1,0
2504,0,1,1,1,1,1,1,1
2505,1,1,1,0,0,1,1,1
2506,1,1,1,1,0,1,0,1
2507,1,1,1,1,1,1,1,0
2508,0,1,1,1,1,1,1,0
2509,1,1,0,1,1,1,1,1
2510,0,1,0,0,1,1,1,1
2511,1,1,1,1,0,1,1,1
2512,0,1,1,1,1,1,1,1
2513,1,1,1,1,1,1,1,1
2514,1,1,1,1,1,1,1,1
2515,1,1,0,1,1,1,1,1
2516,1,1,1,1,1,1,1,1
2517,1,1,1,0,1,1,1,1
2518,1,1,1,1,1,1,1,1
2519,0,1,1,1,1,1,1,1
2520,1,1,1,1,1,1,1,1
2521,1,1,1,0,1,1,1,1
2522,1,1,1,1,1,1,1,1
2523,1,1,1,1,1,1,1,1
2524,1,1,1,1,1,1,1,1
2525,1,1,1,1,1,1,1,1
2526,1,1,1,1,1,1,1,1
2527,1,1,1,1,1,1,1,1
2528,1,1,1,1,1,1,1,1
2529,1,1,1,1,1,1,1,0
2530,1,1,1,1,1,1,1,1
2531,1,1,0,1,1,1,1,1
2532,1,1,1,1,1,1,1,1
2533,1,1,1,1,1,1,1,1
2534,1,1,1,0,1,1,0,1
2535,1,1,1,1,1,1,1,1
2536,1,1,1,0,0,1,1,1
2537,1,1,1,0,0,1,1,1
2538,1,1,1,1,1,1,1,1
2539,1,1,1,1,1,1,1,1
2540,1,1,1,1,0,1,1,0
2541,1,1,1,1,0,1,1,1
2542,1,1,1,0,0,1,1,1
2543,1,1,1,1,1,1,1,1
2544,1,1,1,1,1,1,1,1
2545,1,1,0,1,1,1,1,1
2546,1,1,1,1,1,1,1,1
2547,1,1,1,1,0,1,1,1
2548,1,1,1,1,1,1,1,1
2549,1,1,1,1,1,1,1,1
2550,1,1,1,1,1,1,1,1
2551,1,0,1,1,1,1,1,1
2552,0,1,1,1,1,1,1,1
2553,1,1,1,1,1,1,1,1
2554,0,1,1,1,1,0,1,1
2555,1,1,1,1,1,1,1,0
2556,0,1,1,1,1,1,1,1
2557,1,1,1,1,1,1,1,0
2558,1,1,1,1,1,1,1,1
2559,1,1,1,1,1,1,1,1
2560,1,1,1,1,1,1,1,0
2561,1,1,1,1,1,1,1,1
2562,1,1,1,1,1,1,1,1
2563,1,1,1,1,1,1,1,1
2564,1,1,1,1,1,1,0,1
2565,1,1,1,1,0,1,1,1
2566,1,0,0,1,1,1,1,0
2567,1,0,1,1,0,1,1,1
2568,1,0,1,1,0,1,0,1
2569,1,1,1,1,1,0,1,1
2570,1,1,0,1,0,1,1,1
2571,1,1,1,1,1,1,0,1
2572,1,1,1,1,1,1,1,0
2573,1,1,1,1,1,1,1,1
2574,1,1,1,1,1,1,0,1
2575,1,1,1,1,1,1,1,1
2576,1,1,1,1,1,0,1,1
2577,0,1,1,1,1,1,1,0
2578,1,1,1,1,1,1,1,1
2579,1,1,1,0,1,1,1,1
2580,1,1,1,1,0,0,1,1
2581,1,1,1,1,1,1,1,0
2582,1,1,1,1,1,1,1,1
2583,1,1,1,1,1,1,1,0
2584,1,1,1,1,1,1,1,1
2585,1,1,1,0,1,1,1,1
2586,1,1,0,1,1,1,1,1
2587,1,1,1,0,1,1,1,1
2588,1,1,1,1,1,1,1,1
2589,0,1,0,1,1,1,1,1
2590,0,1,1,1,1,1,1,0
2591,1,1,1,1,1,1,1,1
2592,0,0,1,1,1,1,0,0
2593,1,1,1,1,1,1,1,1
2594,1,1,1,1,1,1,1,1
2595,1,1,1,1,0,1,1,1
2596,1,1,1,1,1,1,1,1
2597,0,1,1,1,1,1,1,1
2598,0,1,0,1,1,1,1,1
2599,1,1,1,1,1,1,1,1
2600,1,0,1,1,1,1,1,1
2601,1,1,1,1,0,1,1,1
2602,1,1,1,1,0,1,1,1
2603,0,1,0,1,1,1,1,1
2604,1,1,0,1,1,1,1,1
2605,1,1,1,1,1,1,1,1
2606,1,0,1,1,1,1,1,1
2607,1,0,1,1,1,1,1,1
2608,1,1,0,0,1,1,0,1
2609,1,1,1,1,1,1,1,1
2610,1,1,1,1,1,1,1,1
2611,1,1,0,0,0,1,1,1
2612,0,1,1,1,1,1,1,1
2613,1,1,1,1,1,1,1,1
2614,1,1,1,1,1,1,1,1
2615,1,1,1,1,1,1,0,1
2616,1,1,1,1,1,1,1,0
2617,0,1,1,1,1,1,1,1
2618,1,1,1,0,1,1,1,1
2619,1,1,1,1,1,1,1,1
2620,1,1,1,1,1,1,1,1
2621,1,1,1,1,1,1,1,1
2622,1,1,1,1,1,1,1,1
2623,1,1,1,1,1,1,1,1
2624,1,1,1,1,1,1,1,1
2625,0,1,1,1,1,1,1,1
2626,1,1,1,1,1,1,1,1
2627,1,1,1,1,1,1,1,1
2628,1,1,1,1,1,1,1,1
2629,0,1,1,1,1,1,1,1
2630,1,1,1,1,1,1,1,1
2631,1,1,1,1,1,1,1,0
2632,1,1,1,1,1,1,1,1
2633,1,1,1,1,0,1,0,1
2634,1,0,1,1,1,1,1,1
2635,0,0,1,1,0,1,1,1
2636,1,1,1,1,1,1,1,1
2637,1,1,1,0,1,1,1,1
2638,1,1,1,1,0,1,1,1
2639,1,1,1,0,1,1,1,1
2640,1,1,1,1,1,1,1,1
2641,1,0,0,1,1,1,1,1
2642,0,1,1,1,1,1,1,1
2643,0,1,1,1,1,1,1,1
2644,1,1,1,1,1,1,1,1
2645,1,1,1,1,1,1,1,1
2646,1,1,1,1,1,1,0,1
2647,1,0,1,1,1,0,1,1
2648,1,1,1,1,1,1,1,1
2649,1,1,1,1,1,1,1,1
2650,1,1,1,1,1,1,0,1
2651,1,1,1,1,1,1,1,1
2652,1,1,0,1,0,1,1,0
2653,0,1,1,1,1,1,1,1
2654,0,1,1,1,1,1,1,1
2655,1,1,1,1,1,1,0,0
2656,1,1,1,1,1,1,1,1
2657,0,1,1,0,1,1,1,1
2658,1,1,1,1,1,1,1,1
2659,0,0,1,1,1,1,1,1
2660,1,1,1,1,1,1,0,1
2661,1,1,0,1,1,1,1,1
2662,0,1,1,1,1,1,1,1
2663,1,1,1,1,1,1,1,1
2664,0,1,1,1,1,1,1,1
2665,1,1,1,1,1,1,1,1
2666,1,1,1,1,0,1,1,1
2667,1,1,1,0,1,1,1,1
2668,1,1,1,1,1,1,1,1
2669,1,0,1,0,1,1,0,1
2670,1,1,0,1,1,1,1,1
2671,1,1,1,0,1,1,0,1
2672,1,1,1,1,1,1,1,1
2673,1,1,0,1,1,1,1,1
2674,1,1,0,1,1,1,1,1
2675,1,1,1,1,1,1,1,1
2676,1,1,1,1,1,1,1,1
2677,1,1,1,1,1,1,1,1
2678,1,1,1,0,1,0,1,1
2679,1,1,1,1,1,1,0,1
2680,1,1,1,1,1,1,1,1
2681,1,1,0,0,1,1,1,1
2682,1,1,1,1,1,1,1,1
2683,0,0,1,1,1,1,1,1
2684,1,1,1,1,1,1,1,1
2685,0,0,1,1,1,1,1,1
2686,1,1,1,1,1,1,1,1
2687,1,1,1,1,1,1,1,1
2688,1,1,1,1,1,1,1,1
2689,1,1,1,0,1,1,1,1
2690,1,1,1,1,1,1,1,1
2691,0,1,1,1,1,1,1,1
2692,1,1,1,1,1,1,0,1
2693,1,1,1,1,0,1,1,1
2694,1,1,1,1,1,1,0,1
2695,1,1,1,1,1,1,1,1
2696,1,1,1,1,1,1,1,1
2697,1,1,1,1,1,1,1,1
2698,1,1,1,1,1,1,1,1
2699,1,1,1,1,0,1,0,0
2700,1,1,1,1,0,1,0,1
2701,1,1,1,1,1,1,1,1
2702,1,1,1,1,1,1,1,1
2703,1,1,1,1,1,1,1,1
2704,1,1,1,1,1,1,1,1
2705,1,1,1,1,1,1,1,1
2706,0,1,1,1,1,0,0,1
2707,1,1,1,1,1,1,1,1
2708,1,1,1,1,1,1,1,1
2709,1,1,0,1,0,0,1,1
2710,0,1,1,1,1,1,1,0
2711,1,1,0,1,1,1,1,1
2712,1,1,1,1,1,1,1,1
2713,1,1,1,1,1,1,1,1
2714,1,1,1,1,1,1,1,1
2715,0,1,1,1,1,1,1,1
2716,0,1,0,1,1,1,1,1
2717,0,1,1,1,1,1,1,1
2718,1,1,1,1,1,1,1,1
2719,1,1,1,1,1,1,1,1
2720,1,1,1,1,1,1,1,1
2721,1,1,1,1,1,1,1,1
2722,1,1,1,0,1,1,1,0
2723,0,0,0,0,1,1,0,1
2724,0,1,1,1,1,1,1,1
2725,1,1,1,1,1,1,1,1
2726,1,1,0,1,1,1,1,1
2727,0,1,1,1,1,1,0,1
2728,1,1,1,1,1,1,1,1
2729,1,0,1,1,1,1,1,1
2730,1,1,1,1,1,1,1,0
2731,1,1,1,1,1,1,1,1
2732,1,1,1,1,1,1,1,1
2733,1,1,1,1,1,1,1,1
2734,1,0,1,1,1,1,1,1
2735,1,1,1,1,1,1,1,1
2736,1,1,1,1,0,1,1,1
2737,1,1,1,1,0,1,1,1
2738,1,1,1,1,1,1,0,1
2739,1,1,1,1,0,1,1,1
2740,1,1,1,0,1,1,0,1
2741,1,0,1,1,0,1,0,1
2742,0,1,1,1,1,1,1,1
2743,1,1,1,1,1,1,1,1
2744,1,1,1,1,1,1,1,1
2745,1,1,1,1,1,1,0,0
2746,1,1,1,1,1,1,1,1
2747,1,1,1,1,1,1,1,1
2748,1,1,1,1,1,1,1,1
2749,1,1,1,0,1,1,1,1
2750,1,1,1,1,1,1,1,1
2751,1,1,1,1,1,1,1,1
2752,1,1,1,1,1,1,1,1
2753,1,1,1,1,1,1,1,1
2754,1,1,1,1,1,1,1,1
2755,1,1,1,1,1,1,1,1
2756,0,0,1,1,1,1,1,1
2757,1,1,1,1,1,1,1,1
2758,1,1,1,1,1,1,1,1
2759,0,1,1,1,1,1,1,1
2760,1,1,1,1,1,1,1,1
2761,0,1,0,0,0,1,1,1
2762,0,1,1,1,1,1,1,0
2763,1,1,1,1,1,1,1,1
2764,1,1,1,1,1,1,1,1
2765,1,1,1,1,1,1,1,1
2766,0,0,1,1,1,0,1,1
2767,1,1,0,1,1,1,1,0
2768,0,1,1,1,1,1,1,1
2769,1,0,0,1,1,1,1,1
2770,1,1,1,0,0,1,1,1
2771,1,1,1,1,1,1,1,1
2772,1,1,1,1,1,1,1,1
2773,1,1,1,1,1,1,1,1
2774,1,1,1,1,1,1,1,1
2775,1,1,1,1,1,1,1,0
2776,0,1,0,1,1,1,0,0
2777,1,1,1,1,1,1,1,1
2778,1,1,0,1,1,1,1,1
2779,1,1,1,1,1,1,1,1
2780,1,1,0,1,1,1,1,1
2781,1,1,1,1,1,1,1,1
2782,1,1,1,1,1,1,1,1
2783,1,1,1,1,1,1,1,1
2784,1,1,1,1,1,0,1,1
2785,1,1,1,1,0,1,1,1
2786,1,1,1,1,1,0,1,0
2787,1,1,1,1,1,1,1,0
2788,1,1,1,1,1,1,1,1
2789,1,1,1,1,0,1,1,1
2790,1,1,1,0,1,1,1,1
2791,1,1,1,1,0,1,1,1
2792,1,1,1,1,1,1,1,1
2793,1,0,1,1,1,1,1,1
2794,1,1,1,1,1,1,1,1
2795,1,1,0,1,1,1,1,1
2796,0,1,1,1,1,1,1,1
2797,1,1,1,1,1,1,1,1
2798,1,1,1,1,1,1,1,1
2799,1,1,1,1,1,1,1,1
2800,1,1,1,1,1,1,1,1
2801,1,1,1,1,1,1,1,0
2802,1,1,1,1,1,1,1,1
2803,1,1,1,1,1,1,1,1
2804,0,0,0,1,1,1,1,0
2805,1,1,1,1,1,1,1,1
2806,1,0,1,1,1,1,1,1
2807,0,1,1,1,0,1,1,1
2808,1,1,1,1,1,1,1,1
2809,1,0,1,1,1,1,1,1
2810,0,1,1,1,1,1,1,1
2811,0,1,1,1,1,1,1,1
2812,1,1,1,1,1,1,1,1
2813,1,1,0,1,1,1,1,1
2814,1,1,1,1,1,1,1,1
2815,1,1,1,1,1,1,1,1
2816,1,1,1,1,1,1,1,1
2817,1,1,1,1,1,1,1,1
2818,1,1,0,1,0,1,1,1
2819,1,1,1,0,1,1,1,1
2820,1,1,1,1,1,1,1,1
2821,1,0,1,1,1,1,0,1
2822,0,1,1,1,1,1,1,1
2823,1,1,1,0,1,1,1,1
2824,0,1,1,1,1,1,1,1
2825,1,1,1,1,1,1,1,1
2826,1,1,1,1,1,1,1,1
2827,0,1,1,0,1,1,1,1
2828,0,1,1,1,1,1,1,1
2829,1,1,1,1,0,0,1,1
2830,0,1,1,1,1,1,1,1
2831,1,1,1,1,1,1,1,1
2832,1,1,1,1,1,1,1,1
2833,1,1,1,1,1,1,1,1
2834,1,1,1,1,0,1,1,0
2835,1,1,1,1,1,1,1,1
2836,1,1,0,1,1,0,1,1
2837,1,1,1,1,1,1,1,0
2838,0,1,0,0,1,1,1,1
2839,1,1,1,1,1,0,0,1
2840,1,1,1,1,1,1,1,1
2841,1,1,0,1,1,1,1,1
2842,1,1,1,1,1,1,1,1
2843,1,1,1,1,1,1,1,0
2844,1,1,1,1,1,1,1,1
2845,1,1,1,1,1,1,1,1
2846,1,1,1,1,1,1,1,1
2847,1,1,1,1,1,1,1,1
2848,1,1,1,1,1,1,1,1
2849,0,1,1,1,1,1,1,1
2850,1,1,1,1,1,1,1,1
2851,0,1,0,1,1,1,1,1
2852,1,1,1,1,1,0,0,1
2853,1,1,1,1,0,0,1,1
2854,1,1,1,1,0,1,1,1
2855,1,1,1,1,1,1,0,1
2856,1,1,1,1,1,0,1,1
2857,1,1,1,1,1,1,0,1
2858,0,1,1,1,1,1,1,0
2859,1,1,1,1,0,1,0,1
2860,1,1,1,1,1,0,1,1
2861,0,1,1,1,0,1,1,1
2862,1,1,1,1,1,1,1,1
2863,1,1,1,1,1,1,1,1
2864,1,1,1,1,1,1,1,0
2865,1,1,1,1,1,0,1,1
2866,1,1,1,1,1,1,1,1
2867,1,1,1,1,1,1,1,0
2868,1,1,0,1,1,1,1,1
2869,1,1,1,1,1,1,1,1
2870,1,0,1,1,1,1,1,1
2871,1,1,1,1,1,1,1,1
2872,0,0,1,1,0,0,1,1
2873,1,1,1,1,1,1,1,1
2874,1,1,1,1,1,0,0,1
2875,0,1,1,1,1,1,1,1
2876,1,1,1,1,1,1,1,1
2877,1,1,1,1,1,1,1,1
2878,1,0,1,1,0,1,1,1
2879,1,1,1,1,1,1,1,1
2880,1,1,1,1,1,1,1,1
2881,1,1,1,1,1,0,0,1
2882,1,1,1,1,0,1,1,1
2883,1,1,1,1,1,1,1,1
2884,1,1,0,1,0,1,1,1
2885,1,0,1,1,1,1,1,1
2886,1,1,1,1,1,1,1,1
2887,1,1,1,1,1,1,1,1
2888,1,0,1,1,1,1,1,1
2889,1,1,1,1,1,1,1,1
2890,0,1,1,0,1,1,1,0
2891,1,1,0,1,1,1,1,1
2892,1,0,1,1,1,1,1,1
2893,1,1,1,1,1,1,1,1
2894,1,0,1,1,1,0,1,1
2895,0,0,0,1,1,1,1,1
2896,1,1,1,1,1,0,1,1
2897,1,1,1,1,0,1,1,1
2898,0,1,1,1,1,1,1,1
2899,1,1,1,1,0,1,1,1
2900,1,1,1,0,1,1,1,1
2901,1,1,1,0,1,1,1,1
2902,1,1,1,1,1,1,1,1
2903,1,1,0,1,1,1,1,1
2904,1,1,1,1,1,1,0,1
2905,1,1,1,1,1,1,1,1
2906,1,0,1,0,0,1,1,0
2907,1,1,1,1,1,1,1,1
2908,1,1,1,1,0,1,1,1
2909,1,1,1,1,1,1,1,0
2910,1,1,1,1,1,1,1,1
2911,1,1,1,1,1,1,1,1
2912,1,1,0,1,1,1,1,1
2913,0,1,1,1,1,0,1,1
2914,1,1,0,0,1,1,1,1
2915,1,1,0,1,1,1,1,1
2916,1,1,1,1,0,1,1,1
2917,1,1,0,1,1,1,1,1
2918,0,1,1,1,0,1,0,1
2919,1,1,1,1,1,1,1,1
2920,1,1,1,1,1,1,1,1
2921,0,0,1,1,1,1,1,1
2922,1,1,1,1,1,1,1,1
2923,1,1,1,1,1,0,1,1
2924,1,1,1,1,0,1,0,1
2925,1,1,0,1,1,0,1,1
2926,1,1,1,1,1,1,1,1
2927,0,1,1,1,1,0,0,1
2928,1,1,1,1,1,1,1,1
2929,1,1,1,1,1,1,1,1
2930,1,1,1,1,1,1,1,1
2931,1,1,1,1,1,1,1,1
2932,1,1,1,1,1,0,1,1
2933,1,1,1,1,1,1,1,1
2934,1,1,1,1,1,1,1,1
2935,1,1,1,1,1,1,1,1
2936,1,1,1,1,0,1,1,1
2937,1,1,1,1,0,1,0,1
2938,1,1,1,1,1,1,1,1
2939,1,1,1,1,1,1,1,1
2940,1,1,0,1,1,1,1,1
2941,1,1,0,1,1,1,1,1
2942,1,1,1,1,1,1,1,1
2943,1,1,1,1,1,1,1,1
2944,1,1,1,1,1,0,1,1
2945,1,1,1,1,1,1,1,1
2946,1,1,1,1,1,1,1,1
2947,1,1,0,1,1,1,1,1
2948,1,1,1,1,1,1,1,1
2949,1,1,1,1,1,1,1,1
2950,1,1,1,1,1,1,1,1
2951,1,0,1,1,1,1,1,1
2952,1,0,1,1,1,1,1,1
2953,1,1,1,1,1,1,1,1
2954,1,1,1,1,1,1,0,1
2955,1,1,1,1,1,1,1,1
2956,1,1,1,1,1,1,1,1
2957,1,0,1,1,1,1,1,1
2958,1,0,1,1,0,1,0,1
2959,1,1,1,1,1,1,0,1
2960,1,0,1,1,1,1,1,1
2961,1,1,0,1,1,1,1,1
2962,1,1,0,1,1,1,0,1
2963,0,1,0,1,0,0,1,0
2964,1,1,1,1,1,1,1,1
2965,0,1,1,1,1,1,1,1
2966,0,1,1,1,1,1,1,1
2967,1,1,1,1,1,1,1,1
2968,1,1,1,1,1,1,1,1
2969,1,1,1,1,1,1,1,1
2970,1,1,1,1,1,1,1,1
2971,0,0,1,1,1,1,1,1
2972,1,1,1,1,1,1,1,1
2973,1,1,1,1,0,1,0,0
2974,1,1,1,1,1,1,1,1
2975,1,1,0,1,1,1,1,0
2976,1,1,1,1,1,1,1,1
2977,1,1,1,1,1,0,1,1
2978,1,1,0,1,1,1,1,0
2979,1,1,1,1,1,0,1,1
2980,1,1,1,1,0,1,1,1
2981,1,0,1,1,1,1,1,1
2982,1,1,1,1,1,1,1,1
2983,1,1,1,1,1,0,1,1
2984,1,1,0,1,1,1,1,1
2985,1,1,0,1,1,1,1,1
2986,1,1,1,1,1,1,0,1
2987,1,1,1,1,1,1,1,1
2988,0,1,1,0,1,1,1,1
2989,0,1,1,1,1,1,1,1
2990,1,1,1,1,1,1,1,1
2991,1,1,1,1,1,1,1,1
2992,1,1,0,1,0,1,1,1
2993,1,1,0,1,1,1,1,0
2994,1,1,1,1,1,1,1,1
2995,1,1,1,1,1,1,1,1
2996,1,1,1,0,1,1,1,1
2997,1,1,1,1,1,1,1,1
2998,0,1,0,0,1,1,1,1
2999,1,1,1,1,1,1,1,1
3000,1,1,1,1,1,1,1,1
3001,1,1,1,1,1,1,1,1
3002,1,1,1,1,1,1,1,1
3003,1,1,1,1,1,1,1,1
3004,1,0,1,0,1,1,1,1
3005,0,1,1,1,1,1,1,1
3006,1,1,1,0,1,0,1,1
3007,0,1,1,0,1,1,1,1
3008,1,1,1,1,1,1,1,1
3009,1,1,1,1,1,1,1,1
3010,1,0,0,1,1,1,1,1
3011,1,1,0,1,1,1,1,1
3012,1,1,1,1,1,1,1,1
3013,1,1,1,0,1,1,1,1
3014,1,1,1,1,1,1,1,1
3015,0,1,1,1,1,1,1,0
3016,1,1,1,1,1,1,1,1
3017,1,0,1,1,1,1,1,1
3018,0,1,1,1,1,1,1,1
3019,1,1,1,0,0,0,1,1
3020,1,1,1,1,1,1,1,0
3021,1,1,1,1,1,1,1,1
3022,1,1,1,1,1,1,1,1
3023,1,1,1,1,1,1,1,1
3024,1,1,1,0,1,1,1,1
3025,1,0,1,1,1,1,1,1
3026,1,1,1,1,1,1,1,1
3027,1,1,1,1,1,1,1,1
3028,1,1,1,1,1,0,0,1
3029,1,1,1,1,1,1,1,1
3030,1,0,1,0,1,1,1,1
3031,1,1,1,1,1,1,1,1
3032,1,1,1,1,1,1,1,1
3033,1,1,1,1,1,1,1,1
3034,1,1,1,0,1,1,1,1
3035,1,1,1,1,1,1,1,1
3036,1,1,1,1,1,1,1,1
3037,1,1,1,1,1,1,1,0
3038,0,1,1,0,1,1,1,1
3039,1,1,1,1,1,1,1,1
3040,1,1,1,1,0,0,1,1
3041,1,1,1,1,1,1,1,1
3042,0,1,1,1,0,1,1,1
3043,1,1,1,1,0,1,1,1
3044,1,1,1,1,1,1,1,1
3045,1,1,1,1,1,1,1,0
3046,1,0,1,1,1,1,1,0
3047,0,1,0,0,0,1,1,0
3048,1,0,0,1,1,1,1,1
3049,1,1,1,1,1,1,1,1
3050,0,1,1,1,1,1,1,1
3051,1,1,1,1,1,0,1,1
3052,1,1,1,1,1,1,1,1
3053,1,1,1,1,1,1,1,1
3054,1,1,1,1,1,1,1,1
3055,1,1,1,1,1,1,0,1
3056,1,1,1,1,1,1,1,1
3057,1,0,1,1,1,1,1,1
3058,0,1,1,1,1,1,1,1
3059,0,1,1,1,1,1,1,1
3060,1,1,1,1,1,1,1,0
3061,1,1,1,1,1,1,0,1
3062,1,1,1,1,1,1,1,1
3063,0,1,1,1,1,1,1,1
3064,1,1,1,1,1,1,1,1
3065,1,1,1,1,1,1,1,1
3066,1,1,1,1,1,1,1,0
3067,1,1,1,0,0,1,1,1
3068,1,0,1,1,1,1,1,0
3069,1,1,1,1,1,1,1,1
3070,1,1,1,1,1,1,1,1
3071,1,1,1,1,1,1,1,1
3072,1,1,1,1,1,1,1,1
3073,0,1,1,1,1,1,1,1
3074,1,1,1,1,1,1,1,1
3075,1,1,1,1,1,1,1,1
3076,1,1,1,1,1,1,1,1
3077,0,1,1,1,1,1,1,1
3078,1,1,1,1,1,1,1,1
3079,1,1,1,1,1,0,1,1
3080,0,1,1,1,1,1,1,1
3081,1,1,1,1,1,1,1,1
3082,1,1,1,1,1,1,0,1
3083,1,1,1,1,1,1,1,1
3084,0,1,1,1,0,1,1,1
3085,1,1,1,1,1,1,1,1
3086,1,0,1,1,1,0,0,1
3087,1,0,1,1,1,1,1,0
3088,1,1,1,1,1,0,1,1
3089,1,0,1,1,1,1,1,1
3090,1,1,1,1,1,1,1,1
3091,1,1,1,1,1,1,1,1
3092,1,0,1,1,1,1,1,1
3093,0,0,1,1,1,1,1,1
3094,0,1,1,1,1,1,1,1
3095,1,1,1,1,1,1,1,1
3096,1,1,1,1,1,1,1,1
3097,0,1,1,1,1,1,1,1
3098,0,1,1,1,1,1,1,1
3099,1,1,1,1,1,1,1,0
3100,1,1,1,1,1,1,1,0
3101,1,1,1,1,1,1,1,1
3102,1,1,1,1,1,1,1,1
3103,1,1,1,1,1,1,1,1
3104,1,1,1,1,1,1,1,1
3105,1,1,1,0,1,1,1,1
3106,1,1,1,1,1,1,1,1
3107,1,1,1,1,1,1,1,1
3108,1,1,1,1,1,1,1,1
3109,1,1,1,1,1,1,1,1
3110,0,1,1,1,1,1,1,1
3111,1,1,1,1,1,1,1,1
3112,1,0,1,1,1,1,1,1
3113,1,1,1,1,1,1,1,1
3114,1,1,1,1,1,1,1,1
3115,1,1,1,1,1,1,1,1
3116,1,1,1,1,1,1,1,1
3117,0,1,1,1,1,1,1,1
3118,1,1,1,1,1,1,1,1
3119,1,1,1,1,0,1,1,1
3120,1,1,1,1,1,1,1,1
3121,1,1,1,1,1,1,1,1
3122,1,0,1,1,1,1,1,1
3123,1,1,0,0,1,1,1,1
3124,1,1,1,1,1,1,1,1
3125,1,1,1,1,1,1,1,1
3126,0,1,1,1,1,1,1,1
3127,1,1,0,1,1,1,1,1
3128,1,1,1,1,1,1,1,1
3129,1,1,1,1,1,1,1,1
3130,1,1,1,1,1,1,1,1
3131,1,1,1,1,1,1,1,1
3132,0,1,0,1,1,1,1,1
3133,1,1,1,1,1,1,0,1
3134,1,0,0,1,1,0,0,0
3135,1,1,1,1,1,0,1,1
3136,1,1,1,1,1,1,1,1
3137,1,1,1,1,0,0,1,1
3138,0,1,1,1,1,1,1,1
3139,1,1,1,1,1,1,1,1
3140,1,1,1,1,1,1,1,1
3141,0,1,1,1,1,1,1,1
3142,1,1,1,1,1,1,1,1
3143,1,1,1,1,1,1,0,1
3144,1,1,1,1,1,0,1,1
3145,1,1,1,1,1,1,1,1
3146,1,1,1,1,1,1,1,1
3147,1,1,1,1,1,1,1,1
3148,1,1,1,0,0,1,1,1
3149,0,1,1,1,0,0,1,1
3150,1,1,1,1,1,1,1,1
3151,1,1,1,1,1,0,1,1
3152,1,1,1,1,1,1,0,1
3153,1,1,1,1,1,1,1,1
3154,1,1,0,1,1,1,1,1
3155,1,1,1,1,1,1,1,1
3156,1,1,1,1,1,1,1,1
3157,1,0,1,1,1,1,1,1
3158,0,1,1,1,1,1,1,1
3159,1,0,1,1,1,1,0,1
3160,1,1,1,1,1,1,1,1
3161,1,1,1,1,1,1,1,1
3162,1,1,1,1,1,1,1,1
3163,1,1,1,1,1,1,1,1
3164,0,1,1,1,1,1,0,1
3165,1,1,1,1,1,1,1,0
3166,1,1,1,1,1,1,1,0
3167,1,1,1,1,0,1,1,1
3168,1,1,1,1,0,1,1,1
3169,1,1,1,1,1,1,1,1
3170,1,1,1,1,1,1,1,1
3171,1,0,1,0,1,1,1,1
3172,1,1,1,1,1,1,1,1
3173,1,1,1,1,1,1,1,1
3174,0,1,1,1,1,1,1,1
3175,1,1,0,1,1,0,0,0
3176,1,1,1,1,1,1,1,0
3177,1,1,1,1,1,1,1,1
3178,1,0,1,1,1,1,1,1
3179,0,1,1,1,1,1,1,1
3180,0,0,1,1,1,1,1,1
3181,1,1,0,1,1,1,1,1
3182,0,1,1,1,1,1,1,1
3183,1,1,1,0,1,1,1,1
3184,1,1,1,1,1,1,1,1
3185,1,1,1,1,1,1,1,1
3186,1,1,1,1,1,1,1,1
3187,0,1,1,1,1,1,0,1
3188,1,1,1,1,1,1,1,1
3189,1,1,1,1,1,1,1,1
3190,1,1,1,1,1,1,1,1
3191,1,1,1,1,1,1,1,1
3192,1,1,1,1,1,1,1,1
3193,1,1,1,1,1,1,0,1
3194,1,1,1,1,1,1,1,1
3195,1,1,1,1,1,1,0,1
3196,1,1,1,1,1,1,1,0
3197,1,1,1,1,1,1,1,1
3198,0,1,1,0,1,1,1,1
3199,1,1,1,1,1,1,1,1
3200,1,1,1,0,1,1,1,1
3201,1,1,1,1,1,1,1,1
3202,1,1,1,1,1,1,1,1
3203,1,1,1,1,1,1,1,1
3204,1,1,1,1,1,1,1,1
3205,0,1,1,1,1,1,1,1
3206,1,1,1,1,1,1,0,1
3207,1,1,0,1,1,1,1,1
3208,1,1,1,1,1,1,1,1
3209,1,1,1,1,0,1,1,1
3210,0,1,0,1,1,1,1,1
3211,1,1,1,1,1,1,1,1
3212,0,1,0,1,1,1,1,1
3213,1,1,1,1,1,1,1,1
3214,0,1,1,1,1,1,1,1
3215,1,1,0,1,1,1,1,1
3216,1,1,1,1,1,1,1,1
3217,1,1,1,1,1,1,1,1
3218,1,0,1,1,1,1,1,1
3219,1,1,1,1,1,1,1,1
3220,1,1,0,1,1,1,1,1
3221,1,1,1,1,1,0,1,1
3222,1,1,1,1,1,1,1,1
3223,1,0,1,1,1,1,1,1
3224,1,0,1,1,1,1,1,1
3225,1,1,1,1,0,1,0,0
3226,1,1,0,1,0,1,1,1
3227,1,1,1,0,1,1,1,1
3228,0,1,1,1,0,1,1,1
3229,1,1,1,1,1,1,1,1
3230,1,1,1,1,1,1,1,1
